store_name,address,city,zipcode,store_type,latitude,longitude
SOCAL FOOD GROUP LP DEL TACO 1307,1155 B Street,San Diego,92101,Restaurant Meals Program,3857901.23156281,-13041548.1146831
Cork & Barrel,7995 Civita Blvd,San Diego,92108,Convenience Store,3865703.44943824,-13040892.4428824
Jack in The Box #3029,260 S Melrose Dr,Vista,92083,Restaurant Meals Program,3920860.33487168,-13052564.2914921
Jack in The Box #75,550 W Mission Ave,Escondido,92025,Restaurant Meals Program,3912342.99368264,-13034769.8708887
Metro Market,525 C St,San Diego,92101,Convenience Store,3857744.31102407,-13042141.4475691
7-eleven 21785,260 E Mission Ave,Escondido,92025,Convenience Store,3912747.63010179,-13033710.1093364
7-Eleven 13586,913 Otay Lakes Rd,Chula Vista,91913,Convenience Store,3847857.8916212,-13023676.8836312
Taco Bell # 41866,2030 Dairy Mart Rd,San Ysidro,92173,Restaurant Meals Program,3837175.07285184,-13031377.9660043
SOCAL FOOD GROUP LP DEL TACO 1310,3106 Sports Arena Blvd,San Diego,92110,Restaurant Meals Program,3862454.82085668,-13047218.7295442
7-Eleven 13647G,8300 Parkway Dr,La Mesa,91942,Convenience Store,3865940.31399114,-13026385.2868422
Grocery Outlet Of Poway Ca 241,13345 Poway Rd,Poway,92064,Supermarket,3889362.60329112,-13029082.5581041
U. S. Shell,3520 Sweetwater Springs Blvd,Spring Valley,91977,Convenience Store,3861235.42625635,-13021373.6833667
7-Eleven 26651,10195 Riverford Rd,Lakeside,92040,Convenience Store,3876902.86253996,-13018501.6405042
Stadium Market,2677 Mission Village Dr,San Diego,92123,Convenience Store,3868043.5729563,-13038116.134782
Mohsen Oil,3213 Mission Ave,Oceanside,92058,Convenience Store,3923678.52324422,-13063077.3042026
J & J Market #2,5061 Brooks Huffman Plz,San Diego,92113,Convenience Store,3856057.6131358,-13033903.8052504
B&s Caribbean Food Market Multi Services,4459 University Ave,San Diego,92105,Grocery Store,3862087.12297866,-13035329.8079274
Barons Market 10,1347 Tavern Rd,Alpine,91901,Super Store,3873720.43404472,-12999533.9124679
Sunshine Market,9500 Gilman Dr,La Jolla,92093,Convenience Store,3878983.95845993,-13050711.9351653
I.b. Market & Liquor,710 Seacoast Dr,Imperial Beach,91932,Convenience Store,3840040.76132079,-13039102.4254704
Walmart 5075,3405 MARRON RD,OCEANSIDE,92056,Super Store,3918829.23535446,-13057522.461612
EL PICADOR FOODS,3702 Del Sol Blvd,San Diego,92154,Grocery Store,3838803.59818131,-13030553.0885775
Whole Foods Market 10072,711 University Ave,San Diego,92103,Super Store,3861949.33849857,-13041991.1662565
MINNEHAHA FOOD MARKET INC.,4990 University Ave,San Diego,92105,Grocery Store,3862098.2411049,-13034101.953944
ERNIE'S LIQUOR INC.,1223 3rd Ave,Chula Vista,91911,Convenience Store,3843588.76100797,-13031884.4696874
VONS 2348,2606 Del Mar Heights Rd,Del Mar,92014,Supermarket,3888860.60592735,-13051816.2245139
SMART & FINAL 360,395 N Escondido Blvd,Escondido,92025,Super Store,3911555.56144516,-13034138.6893759
SMART & FINAL 464,2804 Midway Dr,San Diego,92110,Super Store,3862022.53216695,-13047060.6558672
VIVA MARKET #2,1632 E Valley Pkwy,Escondido,92027,Grocery Store,3913234.96709461,-13030934.9144309
Worldwide Exotics,8156 La Mesa Blvd,La Mesa,91942,Convenience Store,3864043.41279115,-13026735.9432382
RITE AID  5647,4840 Niagara Ave,San Diego,92107,Other,3861454.59827562,-13052143.5038169
FOOD 4 LESS 349,9430 Cuyamaca St,Santee,92071,Super Store,3875226.66999045,-13022548.1039946
MURPHY'S MARKET,3596 Fairmount Ave,San Diego,92105,Super Store,3861345.54115781,-13035624.804578
Walmart 2253,13487 Camino Canada,El Cajon,92021,Super Store,3871902.68743625,-13013464.4335458
SMART & FINAL 368,5195 Clairemont Mesa Blvd,San Diego,92117,Super Store,3873225.19909327,-13044376.7429442
VONS 2049,330 W El Norte Pkwy,Escondido,92026,Supermarket,3914275.64461234,-13035004.7550143
BROADWAY LIQUOR,151 Broadway,Chula Vista,91910,Convenience Store,3847994.58635734,-13034851.134117
Trader Joe's 26,1090 University Ave # G100-107,San Diego,92103,Supermarket,3862150.7876291,-13041500.2473021
Imperial Beach Commissary 1616,1500 13th St,Imperial Beach,91932,Supermarket,3838246.81784889,-13036133.534651
RALPH'S GROCERY  123,101 G St,San Diego,92101,Super Store,3857209.26207461,-13042580.0463628
Circle K 2728545,1161 E Valley Pkwy,Escondido,92025,Convenience Store,3912612.70542652,-13031876.677323
JULIAN MARKET & DELI,2202 MAIN STREET,JULIAN,92036,Grocery Store,3905759.38699726,-12980139.8307819
Walmart 2177,3382 Murphy Canyon Rd,San Diego,92123,Super Store,3869481.40448677,-13037335.7851515
LOGAN MARKET & LIQUOR,270 16th St,San Diego,92101,Convenience Store,3856638.51701092,-13041044.9505848
PALM SPRINGS MARKET,4301 Palm Ave,La Mesa,91941,Convenience Store,3863129.36053112,-13026001.234599
RALPHS GROCERY 159,3011 Alta View Dr,San Diego,92139,Super Store,3852379.30695744,-13028702.9586405
SAMS MARKET,7587 University Ave,La Mesa,91942,Convenience Store,3863492.45781593,-13028118.5313138
CREAM OF THE CROP,2009 S Coast Hwy,Oceanside,92054,Grocery Store,3918074.87911102,-13064378.6290499
VONS 2071,2250 Otay Lakes Rd,Chula Vista,91915,Supermarket,3848598.23017284,-13020729.143515
Trader Joe's 21,1640 Garnet Ave,San Diego,92109,Supermarket,3868771.0087434,-13051149.4207641
TALIA LIQUOR,5837 Market St,San Diego,92114,Convenience Store,3856877.18405093,-13032390.9733705
RALPHS GROCERY  220,6670 Montezuma Rd,San Diego,92115,Super Store,3864639.80226321,-13030451.7878409
Encanto Liquor,6555 Imperial Ave,San Diego,92114,Convenience Store,3856931.16263159,-13030695.5775257
Camp Pendelton MCB Commissary 1603,20850 Vandegrift Blvd.,Camp Pendleton,92055,Supermarket,3936609.45502685,-13061849.4502191
Walmart 2291,75 N Broadway,Chula Vista,91910,Super Store,3849107.1076066,-13034824.4174392
FOOD 4 LESS 374,5975 University Ave,San Diego,92115,Super Store,3862388.11023893,-13031923.4315092
EGG MARKET & LIQUOR,2202 S Santa Fe Ave,Vista,92084,Grocery Store,3917961.17132308,-13047409.0858734
CARDIFF SEASIDE MKT,2087 San Elijo Ave,Cardiff by the Sea,92007,Super Store,3898136.30309044,-13055838.1977163
LAKE MORENA MARKET,29801 Oak Dr,Campo,91906,Convenience Store,3852828.83243025,-12969283.9540398
RITE AID  5644,535 Robinson Ave,San Diego,92103,Other,3861759.0106162,-13042210.4656534
Rolando's Market,1033 Elkelton Blvd,Spring Valley,91977,Convenience Store,3857317.2225204,-13026206.062462
VONS 2116,1702 Garnet Ave,San Diego,92109,Supermarket,3869053.49319236,-13050964.6304094
KWIK STOP MARKET,3028 Upas St,San Diego,92104,Convenience Store,3861023.93441372,-13038781.8253369
Frazier Farms Natural Grocery,225 Vista Village Dr,Vista,92083,Super Store,3921548.48837066,-13051756.1119889
RITE AID  5649,6939 Linda Vista Rd,San Diego,92111,Other,3866882.78815668,-13043378.2071118
Purple Cow Dairy,1290 Hollister St,San Diego,92154,Convenience Store,3838801.61671025,-13033745.7315734
VONS 2859,453 Santa Fe Dr,Encinitas,92024,Supermarket,3899927.17969813,-13055832.6317417
San Onofre Commissary 1628,51094 BasilOne Rd,Camp Pendleton,92055,Supermarket,3946608.34064721,-13088697.4850086
ROYAL LIQUOR OF VISTA MARKET,890 N Santa Fe Ave,Vista,92083,Convenience Store,3923373.56243891,-13051657.0376421
Awash Ethiopian Resturant And Market,2884 El Cajon Blvd,San Diego,92104,Convenience Store,3862924.32074248,-13039070.1428181
Stater Bros. Markets 163,1674 Main St,Ramona,92065,Supermarket,3899967.28105139,-13010931.9151303
Walmart SuperCenter 1700,13425 Community Rd,Poway,92064,Super Store,3889875.76657442,-13028578.2808108
FOOD 4 LESS  318,7420 Broadway,Lemon Grove,91945,Super Store,3861227.3529687,-13028588.299565
SMART & FINAL 488,770 W San Marcos Blvd,San Marcos,92069,Super Store,3913605.60143405,-13044080.6330987
Don John Market,431 N Highland Ave,National City,91950,Grocery Store,3854067.46346585,-13035746.142823
FOOD 4 LESS 347,4995 Shawline St,San Diego,92111,Super Store,3872870.94268735,-13042612.3290151
EL TORITO MARKET,422 San Diego St,Oceanside,92058,Grocery Store,3922314.37798109,-13065575.313576
Ralphs Fresh Fare 108,8657 Villa la Jolla Dr,La Jolla,92037,Super Store,3877614.80981432,-13050350.1468202
Trader Joe's 24,5495 Grossmont Center Dr,La Mesa,91942,Supermarket,3865949.84692918,-13025138.5085453
RALPH'S GROCERY 90,2417 E Valley Pkwy,Escondido,92027,Super Store,3914096.03204078,-13029189.4248153
STAR MSO 46776,978 N Cuyamaca St,El Cajon,92020,Convenience Store,3869875.42508168,-13022156.259387
El Torito Market,3163 Roosevelt St,Carlsbad,92008,Grocery Store,3916350.62958306,-13062927.02289
Stater Bros. Markets 162,13589 Poway Rd,Poway,92064,Supermarket,3889506.8121102,-13028699.6190558
FOOD 4 LESS 345,644 N Broadway,Escondido,92025,Super Store,3912327.70710214,-13033769.1086665
E Z CORNER MARKET,1107 E Main St,El Cajon,92021,Convenience Store,3868103.16458593,-13018189.94593
Gourmet Liquor,2966 S Santa Fe Ave,San Marcos,92069,Convenience Store,3916167.92673484,-13046713.339056
VONS 2093,8011 University Ave,La Mesa,91942,Supermarket,3864254.42927847,-13027177.8816166
SIN LEE FOOD,4665 El Cajon Blvd,San Diego,92115,Super Store,3862927.36520648,-13034868.9452356
VONS 2355,4145 30th St,San Diego,92104,Supermarket,3862574.87444709,-13038799.6364555
VONS 2136,8310 Mira Mesa Blvd,San Diego,92126,Supermarket,3884060.08107402,-13040515.0698086
Circle K 2722970,704 Main St,Ramona,92065,Convenience Store,3901211.42078987,-13009244.3116498
Windmill Farms,6386 Del Cerro Blvd,San Diego,92120,Grocery Store,3866550.43757794,-13031046.2339217
LA POSTA MARKET,2796 K St,San Diego,92102,Grocery Store,3856674.23738055,-13039295.0081895
SMART & FINAL 463,3141 Main St,Chula Vista,91911,Super Store,3841635.45906932,-13031717.4904512
VONS 2118,3550 Murphy Canyon Rd,San Diego,92123,Supermarket,3869858.73688314,-13037217.7864913
1st & Ivy Market,2170 1st Ave,San Diego,92101,Convenience Store,3859262.5320404,-13042629.0269387
SMART & FINAL 398,1090 Fletcher Pkwy,El Cajon,92020,Super Store,3869821.38719119,-13021496.1348066
VONS 2327,931 Lomas Santa Fe Dr,Solana Beach,92075,Supermarket,3894725.260615,-13052680.0637625
VONS 2065,6951 El Camino Real,Carlsbad,92009,Supermarket,3909039.29792137,-13054279.7248452
Little Brown Jug,4245 University Ave,San Diego,92105,Convenience Store,3862090.69666095,-13035916.4616439
Tortilleria Salsa Market,480 W Chase Ave,El Cajon,92020,Grocery Store,3866236.23587297,-13020695.7476678
RALPH'S GROCERY 19,11875 Carmel Mountain Rd,San Diego,92128,Super Store,3892776.06552312,-13032796.176317
McDonalds 623,1146 E Valley Pkwy,Escondido,92025,Restaurant Meals Program,3912619.88364582,-13031950.148187
Vien Dong IV Supermarket,5382 University Ave,San Diego,92105,Super Store,3862082.62278769,-13033296.0008306
RITE AID 5620,661 Sweetwater Rd,Spring Valley,91977,Other,3856626.34565041,-13025636.1066692
The Butcher Block Meats,2670 National Ave,San Diego,92113,Super Store,3855015.60327264,-13039571.0805267
VONS 2352,6155 El Cajon Blvd,San Diego,92115,Supermarket,3863719.61441152,-13031762.0182475
RODEO'S MEAT MARKET,356 Vista Village Dr,Vista,92083,Super Store,3921954.50869079,-13051857.4127255
Walmart 3516,1360 EASTLAKE PKWY,CHULA VISTA,91915,Super Store,3846435.38186657,-13020828.2178618
Cozines Grocery,402 Civic Center Dr,National City,91950,Convenience Store,3851617.96964413,-13036584.3785887
MINH HUONG SUPERMARKET,4029 Euclid Ave,San Diego,92105,Supermarket,3862188.6424491,-13034649.6458387
Bonita Foods,311 N Main Ave,Fallbrook,92028,Grocery Store,3946377.43431063,-13052355.0108494
Ray's Liquor Center,3041 30th St,San Diego,92104,Convenience Store,3860470.6060524,-13038772.9197777
Walmart 5140,5500 Grossmont Center Dr,La Mesa,91942,Super Store,3865892.25221267,-13025560.4094154
VONS 2079,11986 Bernardo Plaza Dr,San Diego,92128,Supermarket,3897981.23414185,-13032622.5179113
VONS 2370,3993 Governor Dr,San Diego,92122,Supermarket,3876018.28969109,-13046997.2037575
LA PRESA LIQUOR & DELI,9410 Jamacha Blvd,Spring Valley,91977,Convenience Store,3856591.02231651,-13024059.8226795
VONS 2338,665 Saturn Blvd,San Diego,92154,Supermarket,3840315.42510285,-13034413.6485182
Food Bowl Market,3035 Cedar St,San Diego,92102,Supermarket,3858502.33856581,-13038742.8635152
Whole Foods Market 10066,8825 Villa la Jolla Dr,La Jolla,92037,Super Store,3877822.49131569,-13050367.9579387
RITE AID  5668,1854 Coronado Ave,San Diego,92154,Other,3839228.96164198,-13034796.5875665
Walmart 2479,3412 COLLEGE AVE,SAN DIEGO,92115,Super Store,3861053.71244749,-13030350.4871043
CARNIVAL SUPERMARKET,3560 Ashford St,San Diego,92111,Super Store,3869912.77494508,-13042185.9753654
E. B.  JR. MARKET,3638 El Cajon Blvd,San Diego,92104,Convenience Store,3862869.78525969,-13037194.4093982
OTAY FARMS INC.,1716 Broadway,Chula Vista,91911,Super Store,3841581.5502861,-13032729.3846225
AXUM MARKET,4487 El Cajon Blvd,San Diego,92115,Other,3862836.95819751,-13035277.4877668
SMART & FINAL 355,6235 El Cajon Blvd,San Diego,92115,Super Store,3863913.0186698,-13031513.775783
Trolley Mart,1265 Industrial Blvd,Chula Vista,91911,Convenience Store,3842641.0085704,-13033834.7871661
African Caribbean Food Market,4811 El Cajon Blvd,San Diego,92115,Other,3862961.25146754,-13034499.3645261
Walmart 3494,732 CENTER DR,SAN MARCOS,92069,Super Store,3913327.22576148,-13038115.0215871
RALPHS  683,306 S Twin Oaks Valley Rd,San Marcos,92078,Super Store,3912599.01365011,-13042937.3819282
Ramona Farms Market,838 Main St,Ramona,92065,Grocery Store,3901058.83425371,-13009476.9693856
VONS 2323,7544 Girard Ave,La Jolla,92037,Supermarket,3874228.93935363,-13054738.3611472
STATER BROS. MARKETS 150,3770 Mission Ave,Oceanside,92054,Supermarket,3921550.48384876,-13066325.6069439
Village Bonsall Market,5527 Mission Rd,Bonsall,92003,Convenience Store,3933934.48929048,-13049578.702749
Seafood City Supermarket,8955 Mira Mesa Blvd,San Diego,92126,Supermarket,3883911.29804096,-13039113.5574195
VONS 2344,351 W Felicita Ave,Escondido,92025,Supermarket,3909120.89221384,-13032650.347784
Miramar MCAS Commissary 1622,2661 Moore Ave,San Diego,92145,Supermarket,3880487.82008353,-13038457.8856187
Trader Joe's 20,8657 Villa la Jolla Dr Ste 210,La Jolla,92037,Supermarket,3877614.80981432,-13050350.1468202
Walmart 2094,1800 UNIVERSITY DR,VISTA,92083,Super Store,3918237.66271688,-13048502.243273
Rincon Market no,34323 Valley Center Rd,Valley Center,92082,Convenience Store,3932687.38580156,-13018547.2814954
McDonald's 16327,1701 Oceanside Blvd,Oceanside,92054,Restaurant Meals Program,3920604.66554032,-13064583.456913
FOOD 4 LESS 346,1320 E 30th St,National City,91950,Super Store,3850338.73719107,-13033955.0122161
3RD AVE MINI MART,772 3rd Ave,Chula Vista,91910,Convenience Store,3845639.66532093,-13032570.1977507
FOOD 4 LESS  780,660 Palomar St,Chula Vista,91911,Super Store,3842816.88940772,-13033707.8829466
BI-RITE MARKET,2228 1st Ave,San Diego,92101,Convenience Store,3859345.89827388,-13042629.0269387
Tropicana Ranch Market,829 N Santa Fe Ave,Vista,92084,Grocery Store,3923338.96878562,-13051629.2077694
HOA HING MARKET,4149 University Ave,San Diego,92105,Grocery Store,3862045.29774054,-13036200.3263454
I.B. ULTRAMAR,1300 Imperial Beach Blvd,Imperial Beach,91932,Convenience Store,3839232.39631593,-13036112.3839477
Ocean View Liquor,3744 Ocean View Blvd,San Diego,92113,Convenience Store,3855744.74917383,-13037045.2412806
Chan Dong Oriental Market,600 E 8th St # 7-8,National City,91950,Grocery Store,3852574.50920982,-13035591.4087308
Trader Joe's 25,115 N El Camino Real,Encinitas,92024,Supermarket,3901643.95932694,-13053265.604284
VONS 2134,10460 Clairemont Mesa Blvd,San Diego,92124,Supermarket,3872815.83120614,-13035993.2720926
VONS 2144,262 N El Camino Real,Encinitas,92024,Supermarket,3902213.44188761,-13053444.8286642
Paradise Food Mart,7702 Paradise Valley Rd,San Diego,92139,Convenience Store,3854967.05687697,-13027624.2727747
Stars & Stripes PB,2804 Garnet Ave,San Diego,92109,Convenience Store,3869646.03064731,-13048723.7690597
A MART,1255 Imperial Ave,San Diego,92101,Convenience Store,3856313.9957901,-13041543.6619035
Fairmount Super Mercado,3086 Fairmount Ave,San Diego,92105,Grocery Store,3860655.35475417,-13035655.9740355
Mountain Market,28914 Old Highway 80,Pine Valley,91962,Grocery Store,3871559.46544352,-12971758.5863201
Trader Joe's 105,1885 S Centre City Pkwy,Escondido,92025,Supermarket,3908607.41580261,-13032712.6866989
RALPHS GROCERY 57,2652 Jamacha Rd,El Cajon,92019,Super Store,3861348.055813,-13016848.5460659
Quick Trip,596 N Mollison Ave,El Cajon,92021,Convenience Store,3869119.57937457,-13018980.3143146
ABBOTT MARKET,2074 Abbott St,San Diego,92107,Convenience Store,3862287.11849423,-13052238.125384
Walmart 1917,170 Town Center Pkwy,Santee,92071,Super Store,3874382.10471907,-13023303.963337
Krisp Beverages + Natural Foods,1036 7th Ave,San Diego,92101,Grocery Store,3857689.27025016,-13042010.0905699
O-D Market,546 Sampson St,San Diego,92113,Convenience Store,3855632.1730917,-13039612.2687383
VONS 2343,985 Tamarack Ave,Carlsbad,92008,Supermarket,3915653.07646462,-13061575.6042718
Minit Mart Market,2351 Ulric St,San Diego,92111,Convenience Store,3866989.91032166,-13043220.1334349
SUNSET MARKET & LIQUOR,985 Broadway,Chula Vista,91911,Convenience Store,3844208.30334204,-13033599.9030405
PAT'S LIQUOR,5096 Voltaire St,San Diego,92107,Convenience Store,3862553.16676137,-13051988.7697246
CARNIVAL SUPERMARKET INC.,1750 E 8th St,National City,91950,Super Store,3853019.54537468,-13034277.8387394
QUALITY MARKET & DELI,2329 Madison Ave,San Diego,92116,Convenience Store,3863617.15512537,-13039886.1146856
LA PRESA MARKET,9307 Jamacha Blvd,Spring Valley,91977,Grocery Store,3856593.00677066,-13024339.2346014
VONS 2040,5555 Balboa Ave,San Diego,92111,Supermarket,3871214.92884932,-13044305.4984701
Us Gas,2310 Roll Dr,San Diego,92154,Convenience Store,3836509.01249349,-13017446.3317315
CAMPO TRADING POST,31080 Highway 94,Campo,91906,Grocery Store,3843292.34895977,-12965951.0484854
San Diego NB Commissary 1627,2525 Callagan Hwy,San Diego,92136,Supermarket,3854343.37911087,-13038436.7349155
SQUARE BOTTLE LIQUOR,21 Naples St,Chula Vista,91911,Convenience Store,3844564.73989894,-13030802.4442369
RITE AID  5631,1331 S Mission Rd,Fallbrook,92028,Other,3946783.78987677,-13050602.8420643
STATER BROS. MARKETS 167,9909 Carmel Mountain Rd,San Diego,92129,Supermarket,3890052.35406729,-13037093.1086616
Taco Bell #41595,8389 Mira Mesa Blvd,San Diego,92126,Restaurant Meals Program,3883690.24865694,-13040249.0162256
Walmart 5338,4840 SHAWLINE ST,SAN DIEGO,92111,Super Store,3872704.68167246,-13042738.1200397
Ariana Produce,11261 Camino Ruiz,San Diego,92126,Other,3885580.77304104,-13040332.5058437
Stater Bros. Markets 157,1451 N Santa Fe Ave,Vista,92084,Supermarket,3924561.78376724,-13051637.0001337
KEILS FOOD STORES,7403 Jackson Dr,San Diego,92119,Super Store,3869240.89285091,-13029306.3102806
FOOD 4 LESS 333,7730 Hazard Center Dr,San Diego,92108,Super Store,3865122.62845708,-13041710.6411397
VONS  3044,1201 Avocado Ave,El Cajon,92020,Supermarket,3866023.59505772,-13019702.7778099
Albertsons 745,655 14th St,San Diego,92101,Supermarket,3857149.72548654,-13041288.7402696
FOOD 4 LESS 300,500 Hacienda Dr,Vista,92083,Super Store,3921018.23543503,-13052308.2566632
SMART & FINAL 347,1220 Plaza Blvd,National City,91950,Super Store,3852511.95420729,-13034749.8333804
Circle K 2725095,4360 Genesee Ave,San Diego,92117,Convenience Store,3871775.78288536,-13044903.2841357
Albertsons 750,1571 San Elijo Rd S,San Marcos,92078,Supermarket,3908274.41237186,-13046781.2439453
Walmart 2150,710 Dennery Rd,San Diego,92154,Super Store,3839881.96390629,-13028335.6043209
STUMP'S MARKET #3,3770 Voltaire St,San Diego,92107,Super Store,3861006.199976,-13049888.1709334
VONS 2115,620 Dennery Rd,San Diego,92154,Supermarket,3840088.7180301,-13028239.8695588
Seafood City Supermarket,1420 E Plaza Blvd,National City,91950,Supermarket,3852476.64317876,-13034589.5333137
RITE AID 5660,10631 Tierrasanta Blvd,San Diego,92124,Other,3871678.81707369,-13035722.7657299
Walmart 2494,2100 VISTA WAY,OCEANSIDE,92054,Super Store,3919392.90646244,-13063042.7951604
McDonald's 14033,487 College Blvd,Oceanside,92057,Restaurant Meals Program,3928052.10354554,-13056817.8092353
Ralphs Fresh Fare 167,3455 Del Mar Heights Rd,San Diego,92130,Super Store,3889050.31170715,-13050173.1488298
Bobar Liquor # 4,1459 Melrose Ave,Chula Vista,91911,Convenience Store,3843122.40763816,-13028777.5426993
Supreme Gasoline 1,196 Broadway,Chula Vista,91910,Convenience Store,3847815.45576245,-13034845.5681425
BOULEVARD LIQUOR,2105 El Cajon Blvd,San Diego,92104,Convenience Store,3862853.63645155,-13040200.0356496
RALPHS  235,659 E Palomar St,Chula Vista,91911,Super Store,3844229.44870399,-13027186.7871759
Apollo Market,2327 Reo Dr,San Diego,92139,Grocery Store,3852418.05619946,-13031615.0765197
LA PERLA TAPATIA,1910 Mission Ave,Oceanside,92058,Grocery Store,3922380.23326916,-13065052.1119692
VONS 2120,4725 Clairemont Dr,San Diego,92117,Supermarket,3872784.43367482,-13047203.1448154
Trader Joe's 22,2570 Vista Way,Oceanside,92054,Supermarket,3919659.8550771,-13061337.3805615
To Market To Market,921 Seacoast Dr,Imperial Beach,91932,Convenience Store,3839618.40717281,-13039038.9733607
VONS 4018,10016 Scripps Ranch Blvd,San Diego,92131,Supermarket,3882445.05061961,-13035560.2392734
Trader Joe's 188,2401 Truxtun Rd,San Diego,92106,Supermarket,3860355.47043124,-13048571.2613573
Walmart 5023,1200 HIGHLAND AVE,NATIONAL CITY,91950,Super Store,3852225.89823666,-13035442.2406131
Barons Market 7,11828 Rancho Bernardo Road,San Diego,92128,Super Store,3898480.70157995,-13032816.2138253
7 Eleven #32825A,5188 Bonita Rd,Bonita,91902,Convenience Store,3851802.18311915,-13026613.4917983
Campo Cafe,1247 Sheridan Rd,Campo,91906,Restaurant Meals Program,3845121.81742292,-12964644.1576635
Uncle Anthony's,700 N Coast Hwy,Oceanside,92054,Grocery Store,3921950.91670585,-13067022.4669563
RALPHS GROCERY 207,4315 Mission Blvd,San Diego,92109,Super Store,3868029.93313682,-13052663.3658389
Target Store T-0997,5500 Grossmont Ctr Dr,La Mesa,91942,Super Store,3866134.15191416,-13025466.9010431
Patron Meat Market,204 W San Marcos Blvd,San Marcos,92069,Convenience Store,3914015.46653029,-13042818.2700731
Snack And Bottle Shop ,703 E Valley Pkwy,Escondido,92025,Convenience Store,3912192.92020683,-13032582.4428947
Manila Seafood Oriental Market,2220 E Plaza Blvd,National City,91950,Supermarket,3852663.77960738,-13033582.091922
7-ELEVEN STORE 16054,1650 W San Marcos Blvd,San Marcos,92078,Convenience Store,3912764.37948067,-13047522.631754
Kaelins Market,1435 E Main St,El Cajon,92021,Supermarket,3868918.01105671,-13016550.2098306
Northgate Market 26,2909 Coronado Ave,San Diego,92154,Super Store,3839216.80818828,-13032188.3718972
Northgate Market 27,1058 3rd Ave,Chula Vista,91911,Super Store,3844253.23728134,-13032113.7878384
Northgate Market 28,606 N Escondido Blvd,Escondido,92025,Super Store,3912182.2861985,-13034061.8789273
Northgate Market 29,1150 E Vista Way,Vista,92084,Super Store,3924065.85626996,-13049663.305562
Northgate Market 30,1346 S Mission Rd,Fallbrook,92028,Super Store,3944285.88838953,-13052278.2004007
RITE AID  5632,9532 Winter Gardens Blvd,Lakeside,92040,Other,3875479.89238967,-13016714.962677
Stater Bros. Markets 156,780 Sycamore Ave,Vista,92083,Supermarket,3916874.55318786,-13048729.3350342
STATER BROS. MARKETS 152,1330 E Mission Rd,San Marcos,92069,Supermarket,3913490.47487296,-13038809.6552096
SMART & FINAL 378,720 15th St,San Diego,92101,Super Store,3857259.27304069,-13041123.9874232
VONS 2360,845 College Blvd,Oceanside,92057,Supermarket,3926975.72347329,-13056905.751633
Qwik Korner Deli,3850 University Ave,San Diego,92105,Convenience Store,3862173.55345034,-13036736.8862911
RED BIRD MARKET,2035 Highland Ave,National City,91950,Grocery Store,3851197.84671251,-13034886.7563541
Stater Bros. Markets 158,1048 N El Camino Real,Encinitas,92024,Supermarket,3904211.23282257,-13054001.4261182
7 Eleven 16852A,4919 University Ave,San Diego,92105,Convenience Store,3862062.90138281,-13034213.2734348
HUB MARKET,748 6th Ave,San Diego,92101,Convenience Store,3857308.75499877,-13042109.1649167
APPLE TREE MARKET,1556 3rd Ave,Chula Vista,91911,Supermarket,3842197.94844217,-13031569.4355284
Taco Bell #41607,13418 Camino Canada,El Cajon,92021,Restaurant Meals Program,3872142.19369979,-13013530.1120454
Taco Bell #41600,12265 Woodside Ave,Lakeside,92040,Restaurant Meals Program,3876251.25388157,-13016190.6478753
Skyline Market Inc.,1505 Skyline Dr,Lemon Grove,91945,Grocery Store,3858221.29771383,-13027216.8434384
VONS  1897,9643 Mission Gorge Rd,Santee,92071,Supermarket,3873724.93868518,-13022935.4958225
Walmart 2245,705 COLLEGE BLVD,OCEANSIDE,92057,Super Store,3927348.92472503,-13056775.5078288
RITE AID 5652,3650 Adams Ave,San Diego,92116,Other,3863929.1689294,-13036972.8836115
SKYLINE CONVENIENCE STORE,7346 Skyline Dr,San Diego,92114,Convenience Store,3856128.25671698,-13028910.0128934
La Palapa Market II,2365 Reo Dr,San Diego,92139,Grocery Store,3852347.43480926,-13031547.1716303
McDonald's 19746,2185 Vista Way,Oceanside,92054,Restaurant Meals Program,3919507.16025303,-13062256.8795554
McDonald's #3187,12510 Poway Rd,Poway,92064,Restaurant Meals Program,3889028.55508429,-13031028.4228032
99 Ranch Market 16,7330 Clairemont Mesa Blvd,San Diego,92111,Super Store,3873239.37487076,-13042281.7101275
VONS 2345,1000 W El Norte Pkwy,Escondido,92026,Supermarket,3914854.25254311,-13036288.2687432
Pavilions 2119,3850 Valley Centre Dr,San Diego,92130,Supermarket,3887047.94286697,-13050156.4509062
NOVILLOS MEAT MARKET,620 N Redondo Dr,Oceanside,92057,Grocery Store,3929193.14587735,-13057849.7409149
Linda Liquor,6950 1/2 Linda Vista Rd,San Diego,92111,Convenience Store,3867068.69671371,-13043372.6411372
Trader Joe's 23,11955 Carmel Mountain Rd,San Diego,92128,Supermarket,3892971.54107824,-13032880.77913
RALPHS GROCERY  77,5680 Mission Center Rd,San Diego,92108,Super Store,3865629.17372022,-13041548.1146831
VONS 2359,6555 Mission Gorge Rd,San Diego,92120,Supermarket,3867793.02655945,-13035232.9599704
Perkins Market,24680 Viejas Grade Rd,Descanso,91916,Convenience Store,3875822.16869558,-12981623.7195942
Walmart 5305,1150 BROADWAY,CHULA VISTA,91911,Super Store,3843231.82525444,-13033622.1669387
Von's 3327,5630 Lake Murray Blvd,La Mesa,91942,Supermarket,3866296.87760586,-13027996.079874
VONS 2012,7788 Regents Rd,San Diego,92122,Supermarket,3877067.72512338,-13049187.9713363
VONS 2081,13255 Black Mountain Rd,San Diego,92129,Supermarket,3889827.73948197,-13038483.4891016
VONS 2156,2345 E Valley Pkwy,Escondido,92027,Supermarket,3913965.74485922,-13029420.9693561
North Island NAS Commissary 1624,2017 Colorado Street,SAN DIEGO,92135,Supermarket,3855690.24687076,-13045109.2251936
RALPHS GROCERY 201,3345 Sports Arena Blvd,San Diego,92110,Super Store,3862572.88898637,-13047648.4227786
EAGLE LIQUOR MARKET,1296 3rd Ave,Chula Vista,91911,Convenience Store,3843241.86846797,-13031783.1689508
Target Store T-0296,14823 Pomerado Rd,Poway,92064,Super Store,3892731.07873887,-13031146.4214634
Target Store T-0203,1240 Broadway,Chula Vista,91911,Super Store,3842985.76918493,-13033220.3035769
Ralphs Fresh Fare 105,10525 4S Commons Dr,San Diego,92127,Super Store,3897899.71755611,-13036884.9412138
Target Store T-0274,1280 Auto Park Way,Escondido,92029,Super Store,3910237.2231798,-13035546.8809345
RITE AID 6466,1411 Kettner Blvd,San Diego,92101,Other,3858247.4961544,-13043181.1716131
Ralphs Fresh Fare 175,7140 AVENIDA ENCINAS,CARLSBAD,92011,Super Store,3908609.40906801,-13059105.4247711
VONS 2107,10675 Scripps Poway Pkwy,San Diego,92131,Supermarket,3886911.85521176,-13035198.4509283
7-ELEVEN 13606,768 N Midway Dr,Escondido,92027,Convenience Store,3914429.73339677,-13030600.9559585
FOOD 4 LESS 763,312 Euclid Ave,San Diego,92114,Super Store,3856673.84048696,-13033859.2774541
BIG CITY LIQUOR,4749 University Ave,San Diego,92105,Convenience Store,3862055.35696147,-13034635.1743049
Bobar Market & Gas #8 ,600 F St,Chula Vista,91910,Convenience Store,3847289.05225681,-13034757.6257448
Rancho Vista Market,988 Civic Center Dr,Vista,92083,Convenience Store,3920729.43998656,-13050744.2178176
Walgreens 02623,1111 3rd Ave,Chula Vista,91911,Other,3844075.74921518,-13032044.7697541
RALPHS GROCERY 168,125 N El Camino Real,Encinitas,92024,Super Store,3901702.79217834,-13053031.8333534
San Ysidro Nutrition,416 W San Ysidro Blvd,San Ysidro,92173,Grocery Store,3836371.92202603,-13030210.2245459
RITE AID  5646,1735 Euclid Ave,San Diego,92105,Other,3858599.32832315,-13033829.2211915
VONS 2358,3610 Adams Ave,San Diego,92116,Supermarket,3863931.81651505,-13037178.8246695
Ocean Beach Peoples Food,4765 Voltaire St,San Diego,92107,Super Store,3862081.696278,-13051404.342398
VONS 2364,868 Orange Ave,Coronado,92118,Supermarket,3853929.24352649,-13044299.9324956
7-Eleven Store 39198A,3105 Fairmount Ave,San Diego,92105,Convenience Store,3860658.92800258,-13035619.2386035
LA NUEVA MICHOACANA MEAT MARKET,1702 Vesta St,San Diego,92113,Convenience Store,3854035.58676216,-13036898.2995527
VONS 2142,2560 El Camino Real,Carlsbad,92008,Supermarket,3919125.56494978,-13060547.0121768
G & M Market,8903 Jamacha Rd,Spring Valley,91977,Convenience Store,3857506.0233698,-13025168.5648078
JERRY'S MARKET,841 S 45th St,San Diego,92113,Convenience Store,3855174.47175575,-13035289.7329107
Ralphs Fresh Fare 51,1020 UNIVERSITY AVE,SAN DIEGO,92103,Super Store,3862109.88867696,-13041588.1896998
Target Store T-0305,8251 Mira Mesa Blvd,San Diego,92126,Super Store,3883708.01731979,-13040618.596935
Dollar Tree 2521,1838 Marron Rd,Carlsbad,92008,Other,3918828.30434875,-13062175.6163271
Dollar Tree 2575,1090 E Vista Way,Vista,92084,Other,3923835.39755478,-13049771.285468
Mcdonalds #4154,6945 Linda Vista Rd,San Diego,92111,Restaurant Meals Program,3866905.96035949,-13043328.1133409
CVS Pharmacy 9102,10575 Scripps Poway Pkwy,San Diego,92131,Other,3886966.50230661,-13035434.4482488
CVS Pharmacy 9105,12358 Poway Rd,Poway,92064,Other,3889039.69871535,-13031446.9840886
CVS Pharmacy 9108,1655 S Centre City Pkwy,Escondido,92025,Other,3909109.86233317,-13032864.0812064
CVS Pharmacy 9111,16773 Bernardo Center Dr,San Diego,92128,Other,3897728.58767825,-13032545.7074627
CVS Pharmacy 9113,645 E Palomar St,Chula Vista,91911,Other,3844240.55003413,-13027275.8427685
CVS Pharmacy 9120,800 Palm Ave,Imperial Beach,91932,Other,3840234.83526167,-13037296.8233298
CVS Pharmacy 9131,10560 4S Commons Dr,San Diego,92127,Other,3897807.58060034,-13036755.8106045
CVS Pharmacy 9137,7393 Jackson Dr,San Diego,92119,Other,3869117.06306024,-13029355.2908566
CVS Pharmacy 9145,9730 Mission Gorge Rd,Santee,92071,Other,3873925.13194876,-13022689.4797479
CVS Pharmacy 9165,3327 Rosecrans St,San Diego,92110,Other,3861815.52629396,-13047338.9545942
CVS Pharmacy 9166,734 S Rancho Santa Fe Rd,San Marcos,92069,Other,3915193.55988186,-13046485.1340998
CVS Pharmacy 9173,2760 Fletcher Pkwy,El Cajon,92020,Other,3868862.91808282,-13024722.1736497
CVS Pharmacy 9175,4829 Clairemont Dr,San Diego,92117,Other,3872935.59302324,-13047170.8621631
CVS Pharmacy 9177,8260 Mira Mesa Blvd,San Diego,92126,Other,3883915.40877679,-13040633.0684688
Stater Bros. Markets 186,2687 Gateway Rd,Carlsbad,92009,Supermarket,3912108.64595669,-13052393.9726711
RITE AID 5654,3081 Clairemont Dr,San Diego,92117,Other,3868221.95146734,-13045809.4247907
VONS 2053,3645 Midway Dr,San Diego,92110,Supermarket,3862535.0329326,-13048453.2626971
VONS 2130,4404 Bonita Rd,Bonita,91902,Supermarket,3850356.98452004,-13028035.0416958
FOOD 4 LESS 394,444 Broadway,El Cajon,92021,Super Store,3869808.27509339,-13019656.0236237
Nestor Liquor,1134 Hollister St,San Diego,92154,Convenience Store,3839123.54405643,-13033744.6183785
Mother's Nutritional Center 0225,1793 National Ave,San Diego,92113,Supermarket,3855784.03861149,-13040749.9539342
Rocket #2971 2971,14147 Twin Peaks Rd,Poway,92064,Convenience Store,3892396.40371897,-13027027.6003041
Rocket #2981 2981,12320 Willow Rd,Lakeside,92040,Convenience Store,3878661.33927279,-13015868.934547
Target Store T-1485,9846 Mission Gorge Rd,Santee,92071,Super Store,3874402.7742464,-13022430.1053343
Rocket 279,1061 W El Norte Pkwy,Escondido,92026,Convenience Store,3914796.41704949,-13036398.4750391
Rocket #5246 5246,3350 College Blvd,Oceanside,92056,Convenience Store,3919980.54732314,-13057392.2178078
Rocket #5250 5250,190 W San Marcos Blvd,San Marcos,92069,Convenience Store,3914041.78985371,-13042732.5540652
Rocket #5703 5703,17011 W Bernardo Dr,San Diego,92127,Convenience Store,3898541.37730604,-13033516.4134224
Rocket #7953 7953,481 Sweetwater Rd,Spring Valley,91977,Convenience Store,3856392.71088017,-13025571.5413645
Rocket #7961 7961,1666 Alpine Blvd,Alpine,91901,Convenience Store,3873792.77347951,-12999749.8722801
Rocket #7964 7964,8899 La Mesa Blvd,La Mesa,91942,Convenience Store,3863994.82922909,-13026812.7536868
USA Liquor,14328 Olde Highway 80,El Cajon,92021,Convenience Store,3874901.63635768,-13010314.0919564
Walgreens 07751,3507 Cannon Rd,Oceanside,92056,Other,3918032.18868867,-13052757.987406
Walgreens 09433,3752 Mission Ave,Oceanside,92058,Other,3925178.03006292,-13061376.3423832
Target Store T-0304,250 Broadway,El Cajon,92021,Super Store,3870077.00979328,-13019855.2855123
CVS Pharmacy 9574,883 S Santa Fe Ave,Vista,92083,Other,3921079.16141413,-13050497.088548
CVS Pharmacy 9110,1101 S Mission Rd,Fallbrook,92028,Other,3944849.7288229,-13052592.1213647
CVS Pharmacy 9585,3925 N River Rd,Oceanside,92058,Other,3927910.47940748,-13060356.6558476
CVS Pharmacy 9479,2510 El Camino Real,Carlsbad,92008,Other,3919125.56494978,-13060547.0121768
CVS Pharmacy 9528,7740 Rancho Santa Fe Rd,Carlsbad,92009,Other,3906007.82279934,-13050736.4254532
CVS Pharmacy 9532,4615 Frazee Rd,Oceanside,92057,Other,3926982.24507572,-13057544.7255101
Liva Distributors,3173 Iris Ave,San Ysidro,92173,Super Store,3838243.25136882,-13031539.3792659
CVS Pharmacy 9181,455 Encinitas Blvd,Encinitas,92024,Other,3901572.64315218,-13055861.5748093
CVS Pharmacy 9187,683 Lomas Santa Fe Dr,Solana Beach,92075,Other,3894765.74233333,-13053261.1515044
CVS Pharmacy 9192,14589 Camino del Norte,San Diego,92128,Other,3894010.28361874,-13032274.0879052
CVS Pharmacy 9195,8831 Villa la Jolla Dr,La Jolla,92037,Other,3877873.65018124,-13050383.5426674
CVS Pharmacy 9197,9225 Twin Trails Dr,San Diego,92129,Other,3889498.18871789,-13038739.5239304
Primo Food Market,1535 W Vista Way,Vista,92083,Supermarket,3920685.80868498,-13054874.170926
FOODLAND SUPERMARKET,920 Cardiff St,San Diego,92114,Other,3857592.81720537,-13027273.6163787
American Market,4395 Cleveland Ave,San Diego,92103,Convenience Store,3863085.94315751,-13041076.1200422
Northgate Gonzalez Markets #21,1410 S 43rd St,San Diego,92113,Super Store,3854395.36202263,-13035789.5574244
Walgreens 11081,1285 S Mission Rd,Fallbrook,92028,Other,3944460.23612022,-13052340.5393156
CVS Pharmacy 9138,1201 E Plaza Blvd,National City,91950,Other,3852544.22355412,-13034850.0209221
La Nueva Michoacana Meat Market & Produce,3793 National Ave,San Diego,92113,Grocery Store,3855022.61407652,-13036932.8085949
CVS Pharmacy 9549,1980 College Blvd,Oceanside,92056,Other,3923058.36483403,-13056090.8929604
CVS Pharmacy 9141,3151 University Ave,San Diego,92104,Other,3861964.03013878,-13038397.7730937
CVS Pharmacy 9109,6265 El Cajon Blvd,San Diego,92115,Other,3863919.10810934,-13031500.4174441
HARNESS MARKET,9095 Harness St,Spring Valley,91977,Convenience Store,3857997.15787767,-13024800.0972933
CVS Pharmacy 9115,645 Saturn Blvd,San Diego,92154,Other,3840323.48411712,-13034482.6666025
CVS Pharmacy 9148,313 Washington St,San Diego,92103,Other,3862140.72832675,-13042455.3685331
CVS Pharmacy 8859,16 3rd Ave,Chula Vista,91910,Other,3849014.29434481,-13034038.5018342
CVS Pharmacy 9121,4404 El Cajon Blvd,San Diego,92115,Other,3862850.06253798,-13035525.7302312
CVS Pharmacy 9524,3350 Palm Ave,San Diego,92154,Other,3840186.87796071,-13031140.8554889
CVS Pharmacy 9103,318 W El Norte Pkwy,Escondido,92026,Other,3914344.5123421,-13034858.9264814
CVS Pharmacy 9104,2427 E Valley Pkwy,Escondido,92027,Other,3914137.11268852,-13029115.9539514
CVS Pharmacy 9194,1810 Main St,Ramona,92065,Other,3899918.68141574,-13011147.8749424
CVS Pharmacy 9114,1299 Broadway,El Cajon,92021,Other,3869804.69906926,-13017299.3900036
CVS Pharmacy 9193,1380 S 43rd St,San Diego,92113,Other,3854481.20707762,-13035789.5574244
CVS Pharmacy 9112,7100 Broadway,Lemon Grove,91945,Other,3861383.39339267,-13029312.9894501
Sprouts Farmers Market 203,149 S Las Posas Rd,San Marcos,92078,Supermarket,3914270.99140202,-13045703.6712745
RITE AID 5666,3515 Del Mar Heights Rd,San Diego,92130,Other,3889112.13257538,-13050058.4897543
RITE AID 5613,4348 Bonita Rd,Bonita,91902,Other,3850262.57473084,-13027972.7027809
RITE AID 5614,740 Otay Lakes Rd,Chula Vista,91910,Other,3848412.6123675,-13024556.3076085
RITE AID 5615,507 Telegraph Canyon Rd,Chula Vista,91910,Other,3846122.64037463,-13028981.2573675
RITE AID 5623,2516 Jamacha Rd,El Cajon,92019,Other,3861657.49484488,-13016640.3786182
RITE AID 5655,836 Orange Ave,Coronado,92118,Other,3853994.31912417,-13044302.1588854
RITE AID 6225,1665 Alpine Blvd,Alpine,91901,Other,3873722.02391762,-12999777.7021528
Ralphs 54,101 Old Grove Rd,Oceanside,92057,Super Store,3925884.13858692,-13058524.3370291
Rite Aid 5621,955 Tamarack Ave,Carlsbad,92008,Other,3915599.89074849,-13061671.3390338
Rite Aid 5622,7100 Avenida Encinas,Carlsbad,92011,Other,3908756.51299361,-13059163.3109063
RITE AID 5634,1201 S Coast Hwy,Oceanside,92054,Other,3919687.25523112,-13065485.1447884
RITE AID 5642,1363 E Vista Way,Vista,92084,Other,3924444.55295668,-13049543.0805119
RITE AID 5658,4077 Governor Dr,San Diego,92122,Other,3876015.77190082,-13046920.3933088
RITE AID 5662,11845 Carmel Mountain Rd,San Diego,92128,Other,3892651.5892385,-13032880.77913
Albertsons 1705,1570 W Valley Pkwy,Escondido,92029,Supermarket,3909820.04844018,-13035996.6116773
Albertsons 708,151 Woodland Pkwy,San Marcos,92069,Supermarket,3913988.07970129,-13039933.9820666
Albertsons 2785,8650 Lake Murray Blvd,San Diego,92119,Supermarket,3868939.73047304,-13025712.9171178
Albertsons 758,543 Sweetwater Rd,Spring Valley,91977,Supermarket,3856514.8195292,-13025597.1448474
Albertsons 4713,1509 E Valley Pkwy,Escondido,92027,Supermarket,3912984.91521142,-13031203.1944037
Albertsons 4786,1133 S Mission Rd,Fallbrook,92028,Supermarket,3944773.48213047,-13052545.3671786
Albertsons 2783,2899 Jamacha Rd,El Cajon,92019,Supermarket,3860963.84918784,-13017552.0852477
Albertsons 710,8920 Fletcher Pkwy,La Mesa,91942,Supermarket,3866858.02705322,-13024948.1522161
Albertson's 3179,12475 Rancho Bernardo Rd,San Diego,92128,Supermarket,3897637.91242655,-13031267.7597084
Albertsons 3202,1608 Broadway,El Cajon,92021,Supermarket,3869809.20221094,-13015559.4663625
Albertsons 711,1929 W San Marcos Blvd,San Marcos,92078,Supermarket,3912844.93635305,-13047775.3269981
Albertsons 3201,1301 E Vista Way,Vista,92084,Supermarket,3924461.71834779,-13049430.6478262
Albertsons 725,1459 Main St,Ramona,92065,Supermarket,3900350.64099206,-13010564.5608107
Albertsons 3797,1601 S Melrose Dr,Vista,92081,Supermarket,3917490.39298555,-13051920.8648353
Albertsons 707,7090 Broadway,Lemon Grove,91945,Supermarket,3861190.56002283,-13029370.8755853
Albertsons 757,720 3rd Ave,Chula Vista,91910,Supermarket,3845888.28794747,-13032651.4609789
Albertsons 723,9831 Campo Rd,Spring Valley,91977,Supermarket,3861889.24855711,-13022644.9519515
Albertsons 2767,3925 Mission Ave,Oceanside,92058,Supermarket,3925660.29781375,-13060469.0885333
Albertsons 733,3450 Marron Rd,Oceanside,92056,Supermarket,3918984.44834557,-13057303.1622151
Albertsons 740,4150 Oceanside Blvd,Oceanside,92056,Supermarket,3922796.92626942,-13056307.9659674
Albertsons 738,9560 Winter Gardens Blvd,Lakeside,92040,Supermarket,3875604.31920879,-13016726.0946261
Trader Joe's 0120,878 Eastlake Pkwy,Chula Vista,91914,Supermarket,3849222.13360031,-13020781.4636757
STAR MSO 46682,489 W Main St,El Cajon,92020,Convenience Store,3868053.63729925,-13020749.1810233
H&S Energy Products  LLC 2067,4180 Park Blvd,San Diego,92103,Convenience Store,3862696.1205488,-13040710.9921124
Dollar Tree 4552,1611 S Melrose Dr,Vista,92081,Other,3917363.12651284,-13052021.052377
Dollar Tree 4616,2754 Alpine Blvd,Alpine,91901,Other,3873370.2697729,-12997067.072552
Dollar Tree 3207,796 Fletcher Pkwy,El Cajon,92020,Other,3869921.38397296,-13021331.3819602
Vons 2116,1680 Garnet Ave,San Diego,92109,Supermarket,3868811.00378564,-13051004.705426
Mother's Nutritional Center 0200,220 Euclid Ave,San Diego,92114,Supermarket,3856389.13892354,-13033852.5982846
Mother's Nutritional Center 0201,924 Highland Ave,National City,91950,Supermarket,3852550.30712939,-13035349.8454358
Albertsons 704,2955 Alpine Blvd,Alpine,91901,Supermarket,3873361.65822142,-12996635.1529277
Vons 2735,2495 Truxtun Rd,San Diego,92106,Supermarket,3860473.12052104,-13048468.8474258
Bambino's Pizza & Deli,7720 Paradise Valley Rd,San Diego,92139,Restaurant Meals Program,3855040.20724421,-13027627.6123594
Dollar Tree 3195,9805 Campo Rd,Spring Valley,91977,Other,3861895.33695133,-13022729.5547645
RALPHS  75,780 Otay Lakes Rd,Chula Vista,91910,Super Store,3848360.65576878,-13024466.1388209
Target Store T-0303,2255 S El Camino Real,Oceanside,92054,Super Store,3919883.58054935,-13060890.9894034
CVS Pharmacy 4768,510 C St,San Diego,92101,Other,3857810.86307193,-13042160.3718825
Rocket #2955 2955,10219 Mast Blvd,Santee,92071,Convenience Store,3876085.47513581,-13021592.9827635
Mission Marketplace,3772 Mission Ave,Oceanside,92058,Convenience Store,3925199.32181574,-13061356.3048749
Sam's Club 6235,6336 College Grove Way,San Diego,92115,Super Store,3860781.08081212,-13030597.6163738
CVS Pharmacy 3068,10776 Westview Pkwy,San Diego,92126,Other,3884206.21383895,-13037989.2305625
Dollar Tree 2324,628 N Escondido Blvd,Escondido,92025,Other,3912132.0406402,-13034209.9338501
Dollar Tree 2507,4161 Oceanside Blvd,Oceanside,92056,Other,3922764.99524387,-13056303.5131878
Dollar Tree 2889,6 N Euclid Ave,National City,91950,Other,3854212.29853515,-13033864.8434286
Dollar Tree 2965,3398 Murphy Canyon Rd,San Diego,92123,Other,3869659.14256438,-13037266.7670672
Dollar Tree 2982,1229 E Valley Pkwy,Escondido,92027,Other,3912671.06181876,-13031770.9238068
Target Store T-2232,3060 Plaza Bonita Rd,National City,91950,Super Store,3849519.61980894,-13031862.2057892
Vallarta Supermarket 30,1315 E Valley Pkwy,Escondido,92027,Super Store,3912754.67547251,-13031619.5292993
Talia Properties Inc,2810 Thunder Dr,Oceanside,92056,Grocery Store,3921278.56984885,-13056453.7945004
Dollar Tree 3757,5500 Grossmont Center Dr,La Mesa,91942,Other,3866134.15191416,-13025466.9010431
Dollar Tree 3821,6503 University Ave,San Diego,92115,Other,3862858.66640581,-13030641.0309752
Target Store T-1029,1010 N El Camino Real,Encinitas,92024,Super Store,3903614.42326979,-13053895.6726019
Sombrero #17 Scripps Summit,12090 Scripps Summit Dr,San Diego,92131,Restaurant Meals Program,3887122.35403614,-13035639.2761118
Rodeos Meat Market,3858 Mission Ave,Oceanside,92058,Grocery Store,3925418.09683199,-13061079.1193428
CVS Pharmacy 7962,5685 Balboa Ave,San Diego,92111,Other,3871451.37444571,-13044275.4422076
CVS Pharmacy 9783,1730 Sweetwater Rd,National City,91950,Other,3850461.84109424,-13033358.3397455
Dollar Tree 4271,8230 Mira Mesa Blvd,San Diego,92126,Other,3883929.06703843,-13040692.0677989
Latinos Meat Market 1,525 W Grand Ave,Escondido,92025,Grocery Store,3911065.23758762,-13034107.5199185
Kennedy's Meat Market,1766 E Valley Pkwy,Escondido,92027,Specialty Store,3913357.13686915,-13030673.3136276
Sunrise Market & Liquor,1122 S Escondido Blvd,Escondido,92025,Convenience Store,3910015.27745197,-13032919.7409518
CVS Pharmacy 9169,5500 Grossmont Center Dr,La Mesa,91942,Other,3866134.15191416,-13025466.9010431
Walgreens 07867,1430 Eastlake Pkwy,Chula Vista,91915,Other,3846291.56733871,-13020490.9198047
Walgreens 07176,8766 Navajo Rd,San Diego,92119,Other,3869194.93661618,-13025400.1093487
Walgreens 05455,111 W Washington Ave,Escondido,92025,Other,3912156.36584379,-13033741.2787938
Walgreens 05456,1510 N Santa Fe Ave,Vista,92083,Other,3924781.07907728,-13051732.7348958
Walgreens 05700,1574 E Valley Pkwy,Escondido,92027,Other,3913079.29886525,-13031046.2339217
Walgreens 05844,215 N 2nd St,El Cajon,92021,Other,3868352.7905786,-13017223.6927499
Walgreens 06094,3005 Midway Dr,San Diego,92110,Other,3862176.06828212,-13047416.8782378
Walgreens 06255,621 I St,Chula Vista,91910,Other,3845946.71039673,-13034248.8956718
Island View Market,5080 Logan Ave,San Diego,92113,Convenience Store,3855165.47664716,-13033946.1066569
Popeyes #14277,1485 E Vista Way,Vista,92084,Restaurant Meals Program,3924653.59986886,-13049545.3069017
Haitian Mini Market & Botanical Supplies,3717 University Ave,San Diego,92105,Convenience Store,3862095.19685501,-13036942.827349
7 Eleven 43130A,8920 Miramar Rd,San Diego,92126,Convenience Store,3881249.83245646,-13039225.9901052
CVS Pharmacy 9167,790 Jamacha Rd,El Cajon,92019,Other,3866889.80601901,-13016360.9666963
CVS Pharmacy 3951,305 S Highway 101,Solana Beach,92075,Other,3893771.92341245,-13054546.8916231
CVS Pharmacy 9961,191 Woodland Pkwy,San Marcos,92069,Other,3914000.70954163,-13039773.6819999
Trader Joe's 220,2629 Gateway Rd,Carlsbad,92009,Supermarket,3912128.45168002,-13052727.9311435
Dollar Tree 3958,1071 S Main Ave,Fallbrook,92028,Other,3944854.39428365,-13052375.0483577
CVS Pharmacy 10182,866 Eastlake Pkwy,Chula Vista,91914,Other,3849284.67119069,-13020871.6324632
Costco Wholesale 0124,1755 Hacienda Dr,Vista,92081,Super Store,3920328.11798569,-13055163.6016021
Costco Wholesale 0401,4605 Morena Blvd,San Diego,92117,Super Store,3871624.77090251,-13049536.4013425
Costco Wholesale 0403,101 Town Center Pkwy,Santee,92071,Super Store,3874375.47987825,-13023023.4382202
Costco Wholesale 1080,725 Center Dr,San Marcos,92069,Super Store,3913400.74075457,-13038198.5112052
Costco Wholesale 0452,12350 Carmel Mountain Rd,San Diego,92128,Super Store,3893653.9395592,-13033084.4937981
Costco Wholesale 0460,895 E H St,Chula Vista,91910,Super Store,3847085.34488312,-13026839.4703646
Costco Wholesale 0462,951 Palomar Airport Rd,Carlsbad,92011,Super Store,3911497.21063019,-13059749.9646228
Costco Wholesale 0469,8125 Fletcher Pkwy,La Mesa,91942,Super Store,3865504.85230952,-13026910.7148387
Costco Wholesale 0483,650 Gateway Center Dr,San Diego,92102,Super Store,3857232.9444898,-13037095.3350514
Costco Wholesale 0488,2345 Fenton Pkwy,San Diego,92108,Super Store,3866468.07964127,-13038694.9961341
Costco Wholesale 0775,12155 Tech Center Dr,Poway,92064,Super Store,3886947.80023822,-13028033.9285008
Costco Wholesale 0781,1130 Broadway,Chula Vista,91911,Super Store,3843499.95554948,-13033392.8487876
Leos Market,635 El Cajon Blvd,El Cajon,92020,Convenience Store,3867320.15462303,-13021372.5701718
Fletcher 3G LLC dba McDonalds 5006,886 Fletcher Pkwy,El Cajon,92020,Restaurant Meals Program,3869852.24703454,-13021388.1549005
Target Store T-2165,3150 Business Park Dr,Vista,92081,Super Store,3913391.169156,-13049857.001476
Rick's Grocery & Deli,1509 S Escondido Blvd,Escondido,92025,Convenience Store,3909571.13286177,-13032789.4971475
Smart & Final 427,479 Encinitas Blvd,Encinitas,92024,Super Store,3901536.65321791,-13055793.66992
Base Express Gasoline,1050 Cardiff St,San Diego,92114,Convenience Store,3857774.08078039,-13027233.541362
CVS Pharmacy 9963,5644 Mission Center Rd,San Diego,92108,Other,3865409.92406448,-13041866.4884268
CVS Pharmacy 6368,635 S Melrose Dr,Vista,92081,Other,3920104.38397843,-13052598.8005342
CVS Pharmacy 9240,380 E H St,Chula Vista,91910,Other,3847688.41349448,-13029864.0209295
Circle K 2722964,60 Broadway,Chula Vista,91910,Convenience Store,3848449.8943424,-13035008.094599
Circle K 2725708,98 E Bonita Rd,Chula Vista,91910,Convenience Store,3848680.860119,-13031819.9043827
Friendly Liquor,8225 Winter Gardens Blvd,Lakeside,92040,Convenience Store,3872324.07864917,-13016975.4502854
Circle K 2728688,10520 Camino Ruiz,San Diego,92126,Convenience Store,3883166.7481819,-13040545.1260711
CVS Pharmacy 9922,3950 W Point Loma Blvd,San Diego,92110,Other,3862769.3188536,-13049029.8976594
Popeyes Louisiana Kitchen #12768,1715 S Oceanside Blvd,Oceanside,92054,Restaurant Meals Program,3920577.79531205,-13064552.2874556
Stagecoach Trails Resort,7878 Great Southern Overland Stage Rte 1849,Julian,92036,Grocery Store,3908207.97228077,-12965874.2380368
Trangs Seafood Market,4143 University Ave,San Diego,92105,Specialty Store,3862045.29774054,-13036200.3263454
SW Arco AMPM,6301 El Cajon Blvd,San Diego,92115,Convenience Store,3863944.39255502,-13031344.570157
7-Eleven 13603,4983 Cass St,San Diego,92109,Convenience Store,3869524.84543828,-13052652.2338898
7-ELEVEN 32131 32131,8261 Gold Coast Dr,San Diego,92126,Convenience Store,3882739.92958411,-13040618.596935
Arco by the Bay 82375,765 E St,Chula Vista,91910,Convenience Store,3847586.62202743,-13035416.6371303
7-Eleven 33569,555 W C St,San Diego,92101,Convenience Store,3857759.92359802,-13043063.1729528
Walgreens 11654,10787 Camino Ruiz,San Diego,92126,Other,3884022.15580806,-13040388.1655891
Taco Bell #41605,2506 Jamacha Rd,El Cajon,92019,Restaurant Meals Program,3861495.49495483,-13016635.9258385
7-Eleven 17450,7733 Palm St,Lemon Grove,91945,Convenience Store,3860099.52929501,-13027907.0242813
7-Eleven 17945,7602 University Ave,La Mesa,91942,Convenience Store,3863582.86985253,-13028042.8340601
7-Eleven 33666A,417 9th Ave,San Diego,92101,Convenience Store,3856903.90870952,-13041791.904368
Vons 1797,4627 Carmel Mountain Rd,San Diego,92130,Supermarket,3884871.92332328,-13048360.8675197
Presidio Market,5201 Linda Vista Rd,San Diego,92110,Convenience Store,3864229.6736982,-13046276.966652
Food City Market,2710 Garnet Ave,San Diego,92109,Convenience Store,3869545.50643489,-13048993.1622274
7 Eleven 20722,7427 Mission Gorge Rd,San Diego,92120,Convenience Store,3869655.16925464,-13033032.1736375
Palomar Arco 83016,800 Palomar St,Chula Vista,91911,Convenience Store,3842891.55035794,-13034226.6317737
Imperial Food Supermarket,6503 Imperial Ave,San Diego,92114,Grocery Store,3856947.30333356,-13030814.6893809
Walgreens 07869,885 Euclid Ave,National City,91950,Other,3853078.0030796,-13033400.641152
Los Reyes Tortilleria,218 Main St,Vista,92084,Other,3922198.10106845,-13051327.5319493
7-Eleven Store 33992 2111,1150 Broadway,San Diego,92101,Convenience Store,3857637.27283178,-13041550.341073
Corner Liquors,1660 Capalina Rd,San Marcos,92069,Convenience Store,3915438.07469868,-13046249.1367793
Farm Fresh Market,1879 Palm Ave,San Diego,92154,Grocery Store,3840172.34548361,-13034760.9653295
Lazy Acres Natural Market 27,422 W Washington St,San Diego,92103,Super Store,3862160.84694004,-13043043.1354445
Hilltop Liquor,2499 Market St,San Diego,92102,Convenience Store,3857082.11874736,-13040018.5848796
Smart & Final 426,1737 Oceanside Blvd,Oceanside,92054,Super Store,3920490.40098824,-13064461.0054731
Walgreens 09817,9305 Mission Gorge Rd,Santee,92071,Other,3873896.77875792,-13023883.9378841
Stars & Stripes Otay Mesa,8289 Otay Mesa Rd,San Diego,92154,Convenience Store,3838002.84666898,-13020610.0316598
Dollar Tree 3194,262 Town Center Pkwy,Santee,92071,Other,3874480.55029336,-13022770.7429761
Target Store T-1140,2911 Jamacha Rd,El Cajon,92019,Super Store,3860834.01850066,-13017758.0263057
Target Store T-1040,1751 University Dr,Vista,92083,Super Store,3917942.9515818,-13048314.1133336
CVS Pharmacy 6332,645 Market St,San Diego,92101,Other,3857027.610269,-13042054.6183663
Dollar Tree 3883,3825 Plaza Dr,Oceanside,92056,Other,3919544.66872654,-13056826.7147945
CVS Pharmacy 9268,5495 La Jolla Blvd,La Jolla,92037,Other,3870418.06931854,-13054209.593566
Vons 2826,1745 Eastlake Pkwy,Chula Vista,91915,Supermarket,3844873.3430687,-13020133.5842392
Nadest Inc dba McDonalds 1769,281 N 2nd St,El Cajon,92021,Restaurant Meals Program,3868436.08870541,-13017166.9198096
Vons 2784,515 W Washington St,San Diego,92103,Supermarket,3862089.77015063,-13043097.681995
Dollar Tree 7232,5185 Waring Rd,San Diego,92120,Other,3867747.07597527,-13033419.5654654
Trader Joe's 221,9850 Hibert St,San Diego,92131,Supermarket,3883934.63643124,-13037202.2017626
Ralphs 212,1666 Rosecrans St,San Diego,92106,Super Store,3859271.66259914,-13049568.6839948
El Mercado Market,505 W San Marcos Blvd,San Marcos,92069,Grocery Store,3913614.24261899,-13043657.6190337
CVS Pharmacy 9937,4445 Mission Blvd,San Diego,92109,Other,3868166.33204258,-13052775.7985246
CVS Pharmacy 9558,320 S Twin Oaks Valley Rd,San Marcos,92078,Other,3912599.01365011,-13042937.3819282
CVS Pharmacy 9135,129 N El Camino Real,Encinitas,92024,Other,3901606.50832061,-13053257.8119197
CVS Pharmacy 9162,3749 Avocado Blvd,La Mesa,91941,Other,3861842.79156558,-13020156.9613323
Garden Farms Market 2,12580 Lakeshore Dr,Lakeside,92040,Supermarket,3876818.4442505,-13015497.1274477
California Super Gas,510 W 5th Ave,Escondido,92025,Convenience Store,3910596.1994222,-13033814.7496577
Walgreens 11653,1320 Encinitas Blvd,Encinitas,92024,Other,3901453.51822117,-13053391.3953086
Walgreens 11990,9728 Winter Gardens Blvd,Lakeside,92040,Other,3876047.0455445,-13016716.0758719
7-eleven 18977,578 E Mission Rd,San Marcos,92069,Convenience Store,3914571.32669717,-13041044.9505848
7 Eleven 33970,405 N Twin Oaks Valley Rd,San Marcos,92069,Convenience Store,3914507.37683412,-13042457.5949229
Target Store T-2465,5680 Balboa Ave,San Diego,92111,Super Store,3871732.33362505,-13044268.7630381
McDonald's 17925,3517 Cannon Rd,Oceanside,92056,Restaurant Meals Program,3918237.13074061,-13052560.9519073
McDonald's  26763,4151 Oceanside Blvd,Oceanside,92056,Restaurant Meals Program,3922719.7597742,-13056314.6451369
Mirage Liquor,1096 Broadway,Chula Vista,91911,Convenience Store,3843707.6979337,-13033457.4140923
CVS Pharmacy 3025,1385 Tavern Rd,Alpine,91901,Other,3873519.84680359,-12999425.9325619
CVS Pharmacy 3914,11655 Duenda Rd B1/B2,San Diego,92127,Other,3899710.8737754,-13033201.3792635
CVS Pharmacy 9247,2662 Del Mar Heights Rd,Del Mar,92014,Other,3888680.45460837,-13051789.5078361
CVS Pharmacy 9959,1560 W Valley Pkwy,Escondido,92029,Other,3909718.11600545,-13036092.3464394
CVS Pharmacy 9154,10350 Friars Rd,San Diego,92120,Other,3867755.68341975,-13035515.7114771
CVS Pharmacy 3942,8915 TOWNE CENTRE DRIVE,SAN DIEGO,92122,Other,3877701.22183748,-13047293.313603
CVS Pharmacy 9632,691 3rd Ave,Chula Vista,91910,Other,3846028.39656746,-13032689.3096058
CVS Pharmacy 9538,1792 Garnet Ave,San Diego,92109,Other,3868989.26148697,-13050851.0845287
Walmart 5996,1330 E Grand Ave,Escondido,92027,Super Store,3912493.06908828,-13031317.8534792
Party House & Liquor,6405 University Ave,San Diego,92115,Convenience Store,3862794.07136691,-13030841.4060587
Walgreens 13859,925 Orange Ave,Coronado,92118,Other,3853824.75297139,-13044318.856809
SOCAL FOOD GROUP LP DEL TACO 1313,736 S Rancho Sante Fe,San Marcos,92078,Restaurant Meals Program,3912868.86424404,-13047543.7824573
7-ELEVEN 13627 13627,102 Leucadia Blvd,Encinitas,92024,Convenience Store,3903865.73575333,-13057957.720821
SOCAL FOOD GROUP LP DEL TACO 1305,1037 E  Bobier Dr,Vista,92084,Restaurant Meals Program,3924123.73778407,-13049628.7965198
Blue Nile Market And Restairant N/A,2425 El Cajon Blvd,San Diego,92104,Grocery Store,3862824.9128065,-13039762.5500508
BURGER KING #736,6401 Balboa Ave,San Diego,92111,Restaurant Meals Program,3871417.5962125,-13043640.9211101
Je Exports,1680 Hilltop Dr,Chula Vista,91911,Grocery Store,3841759.92587404,-13030175.7155037
Taco Bell #41612,335 N 2nd St,El Cajon,92021,Restaurant Meals Program,3868597.25702447,-13017171.3725892
Par Liquor,5055 Federal Blvd,San Diego,92102,Convenience Store,3858382.72337367,-13034052.973368
Dollar Tree 5274,4240 Kearny Mesa Rd,San Diego,92111,Other,3871255.32958109,-13041102.83672
Spring Street Gas And Mini Market 42642,4925 Spring St,La Mesa,91942,Convenience Store,3864469.02394762,-13026789.3765938
Desert Pantry,587 Palm Canyon Dr,Borrego Springs,92004,Grocery Store,3929394.69018352,-12955414.6586819
Circle K 2655626,3110 Roosevelt St,Carlsbad,92008,Convenience Store,3916416.98307276,-13062962.645127
Raedel Urban Farms ,1956 Raedel Ct,San Diego,92154,Farmers and Markets,3839617.48242267,-13034597.325678
CVS Pharmacy 9926,7525 Eads Ave,La Jolla,92037,Other,3874132.35080186,-13054993.2827812
Dollar Tree 4162,218 N El Camino Real,Encinitas,92024,Other,3901875.57388844,-13053350.207097
Kako Dates & Nuts,1154 E Main St,El Cajon,92021,Other,3868152.16237398,-13017977.3257026
Del Mesa Food & Liquor,6090 Friars Rd,San Diego,92108,Convenience Store,3864334.25645035,-13044885.4730171
Bolbol Produce Market,287 Naples St,Chula Vista,91911,Grocery Store,3844138.25960048,-13032000.2419578
Sombrero #3 Graves,1522 Graves Ave,El Cajon,92021,Restaurant Meals Program,3871371.4990154,-13019871.9834359
Walmart 5886,1550 LEUCADIA BLVD,ENCINITAS,92024,Super Store,3904501.08099334,-13054035.9351603
Dollar Tree 4939,651 Sweetwater Rd,Spring Valley,91977,Other,3856608.2209303,-13025629.4274997
Real Liquor,518 Jamacha Rd,El Cajon,92019,Convenience Store,3867447.93808236,-13016722.7550413
Lilac Foods,28958 Lilac Rd,Valley Center,92082,Other,3926715.26164596,-13030319.3176468
Top Fuel,1295 3rd Ave,Chula Vista,91911,Convenience Store,3843278.20911444,-13031754.2258832
Manolo Farmers Market #5,3550 National Ave,San Diego,92113,Other,3855161.37593817,-13037468.2553456
Crown Point Vp & Auto Center,3804 Ingraham St,San Diego,92109,Convenience Store,3867326.24582381,-13050872.235232
Horseshoe Liquor,949 Grand Ave,Spring Valley,91977,Convenience Store,3857496.89417724,-13024028.6532221
Dollar Tree 6707,1755 Euclid Ave,San Diego,92105,Other,3858606.87053414,-13033829.2211915
ACE NEW YORK GIANT PIZZA,8049 Winter Gardens Blvd,El Cajon,92021,Restaurant Meals Program,3871931.43322924,-13016907.5453961
Walgreens 12143,5504 Balboa Ave,San Diego,92111,Other,3871457.99764006,-13044562.6464938
Target Store T-1410,1288 Camino del Rio N,San Diego,92108,Super Store,3864545.80769027,-13041132.8929825
Target Store T-1815,910 Eastlake Pkwy,Chula Vista,91914,Super Store,3849177.7096356,-13020728.0303201
Target Store T-1846,3424 College Ave,San Diego,92115,Super Store,3861289.42478147,-13030211.3377408
Target Store T-0201,3245 Sports Arena Blvd,San Diego,92110,Super Store,3862381.49214267,-13047912.2499718
Greenfield Plaza Liquor,1101 Greenfield Dr,El Cajon,92021,Convenience Store,3870500.45488772,-13018177.700786
Himalayan Bazaar,7918 El Cajon Blvd,La Mesa,91942,Grocery Store,3864749.41941641,-13027321.4837598
Dollar Tree 4988,3861 Mission Ave,Oceanside,92058,Other,3925450.70051676,-13060942.1963691
Dollar Tree 5003,1853 Main St,Ramona,92065,Other,3899996.09568479,-13011343.7972462
Mi Reina Tortilleria,426 W 2nd Ave,Escondido,92025,Other,3911017.52216116,-13033931.6351231
Northgate Market 36,5403 University Ave,San Diego,92105,Super Store,3861792.76116402,-13033130.1347894
Smart & Final 935,150 B Ave,Coronado,92118,Super Store,3855137.6976786,-13043368.1883576
Target Store T-0205,8001 Othello Ave,San Diego,92111,Super Store,3871061.80471188,-13041083.9124065
Smart & Final 599,1845 W Vista Way,Vista,92083,Super Store,3920299.12011342,-13055615.5587347
CVS Pharmacy CVS11331,101 Park Plaza,San Diego,92101,Other,3856193.34443562,-13041924.374562
GOODY'S MARKETPLACE,3015 Voigt Drive  Bldg C,LA JOLLA,92093,Convenience Store,3879639.29767254,-13051074.8367052
Smart & Final 581,12339 Poway Rd,Poway,92064,Super Store,3888896.55692684,-13031472.5875714
G & M #39 G&M #39,1202 S Coast Hwy,Oceanside,92054,Convenience Store,3919691.77759283,-13065442.8433819
G & M #53 G&M #53,601 N Coast Hwy,Oceanside,92054,Convenience Store,3921811.36229692,-13066994.6370836
H Mart San Diego Llc,9440 Mira Mesa Blvd,San Diego,92126,Super Store,3884535.61596385,-13038000.3625116
Northgate Market 31,1950 Main St,San Diego,92113,Super Store,3855384.40366282,-13040552.9184355
Dollar Tree 5543,12340 Woodside Ave,Lakeside,92040,Other,3876306.91153861,-13016156.1388332
El Super 45,1527 Mission Ave,Oceanside,92058,Supermarket,3921959.03193265,-13065256.9398323
Gelsons Market 30,730 Turquoise St,San Diego,92109,Supermarket,3869912.77494508,-13053344.6411225
Gelson's Markets 26,7660 El Camino Real,Carlsbad,92009,Supermarket,3906859.71871723,-13054304.2151331
Ol Rodeo's,927 Broadway,El Cajon,92021,Grocery Store,3869803.63950676,-13018840.0517562
Smart & Final 936,360 E H St,Chula Vista,91910,Super Store,3847702.55861184,-13029881.832048
CVS Pharmacy 8833,3332 Sandrock Rd,San Diego,92123,Other,3869230.82749309,-13039911.7181685
CVS Pharmacy 8818,997 Woodland Pkwy,San Marcos,92069,Other,3916141.06673212,-13038745.089905
Smart & Final 940,2235 University Ave,San Diego,92104,Super Store,3861957.41228056,-13040029.7168287
Smart & Final 933,10633 Tierrasanta Blvd,San Diego,92124,Super Store,3871816.18554272,-13035581.3899766
CVS Pharmacy 8842,426 E Chase Ave,El Cajon,92020,Other,3866195.85235938,-13019566.9680311
Smart & Final 934,3681 Avocado Blvd,La Mesa,91941,Super Store,3861719.56892196,-13020237.1113657
Ec Chevron 1,3602 El Cajon Blvd,San Diego,92104,Convenience Store,3862914.26078007,-13037240.0503894
Jacumba Chevron,1496 Carrizo Gorge Rd,Jacumba,91934,Convenience Store,3847011.18622371,-12931577.8161183
CVS Pharmacy 8857,1441 N Santa Fe Ave,Vista,92084,Other,3924522.13008059,-13051637.0001337
CVS Pharmacy 8866,1706 Oceanside Blvd,Oceanside,92054,Other,3920871.10982103,-13064493.2881255
Walgreens 15388,301 University Ave,San Diego,92103,Other,3861934.64687667,-13042459.8213127
Clairemont Mesa Gas & Mini Market 42048,8820 Clairemont Mesa Blvd,San Diego,92123,Convenience Store,3872974.93981551,-13039741.3993476
Lemon Grove Arco 1,2717 Lemon Grove Ave,Lemon Grove,91945,Convenience Store,3860220.22059696,-13027882.5339934
Casita Nutrition,610 N Redondo Dr,Oceanside,92057,Grocery Store,3929193.14587735,-13057870.8916182
Trader Joe's 222,1072 Camino del Rio N,San Diego,92108,Supermarket,3864241.85290767,-13041639.3966656
Smart & Final 929,9870 N Magnolia Ave,Santee,92071,Super Store,3876246.21820179,-13021173.3082833
Family Dollar 10313,943 E Vista Way,Vista,92084,Other,3923367.97422642,-13050065.1689237
Dulceria Monarka,640 Highland Ave,National City,91950,Convenience Store,3852806.61364669,-13035424.4294946
K & S Liquor,305 N Ash St,Escondido,92027,Convenience Store,3912503.17166499,-13031832.1495267
McDonald's # 7791,725 E St,Chula Vista,91910,Restaurant Meals Program,3847675.85475961,-13035353.1850205
El Super 25,3007 Highland Ave,National City,91950,Supermarket,3849999.31556257,-13034493.7985516
CVS Pharmacy 7127,1302 W Mission Rd,San Marcos,92069,Other,3915123.09163657,-13045456.5420049
Ralley Quik Shop,1108 Broadway,El Cajon,92021,Convenience Store,3869875.42508168,-13018153.210498
7-eleven Store 13643f 13643F,6615 Linda Vista Rd,San Diego,92111,Convenience Store,3865311.95150341,-13043868.0128713
Apple Tree Market,4404 University Ave,San Diego,92105,Grocery Store,3862123.52164525,-13035481.2024349
Stage Stop Liquor,17128 Highway 76,Pauma Valley,92061,Grocery Store,3933689.05300796,-13019660.4764034
Smart & Final 930,13439 Camino Canada,El Cajon,92021,Super Store,3872088.54281327,-13013511.187732
Smart & Final 932,10740 Westview Pkwy,San Diego,92126,Super Store,3884195.07479825,-13037796.6478434
Smart & Final 931,2800 Fletcher Pkwy,El Cajon,92020,Super Store,3868764.91679525,-13024636.4576418
Aldi 79063,1750 University Dr,Vista,92083,Supermarket,3917964.76207837,-13048377.5654433
Dollar Tree 4996,1218 Broadway,Chula Vista,91911,Other,3843084.08528226,-13033255.925814
Dollar Tree 5034,941 Otay Lakes Rd,Chula Vista,91913,Other,3847711.15144841,-13023488.7536918
Walgreens 12915,7195 Broadway,Lemon Grove,91945,Other,3861168.85488557,-13029194.9907898
Walmart 5684,8810 GROSSMONT BLVD,LA MESA,91942,Super Store,3865334.1938512,-13025227.5641379
Walmart 5938,575 SATURN BLVD,SAN DIEGO,92154,Super Store,3840608.19543579,-13034319.026951
Dollar Tree 5041,12624 Poway Rd,Poway,92064,Other,3889220.38621126,-13030753.4636609
Randy's Mini Market,5739 El Cajon Blvd,San Diego,92115,Convenience Store,3863292.97133916,-13032517.87759
European Food Market,12222 Poway Rd,Poway,92064,Grocery Store,3888909.69034529,-13031819.9043827
7-eleven Store 24344d 24344D,1311 Palm Ave,Imperial Beach,91932,Convenience Store,3840131.52252969,-13036106.8179732
Circle K 2701984,795 Shadowridge Dr,Vista,92083,Convenience Store,3917393.57991017,-13049048.8219728
Circle K 2709423,9370 Paseo Montalban,San Diego,92129,Convenience Store,3889860.11131273,-13038161.7757732
Whole Foods Market 10434,2600 Via de la Valle,Del Mar,92014,Super Store,3892724.44353457,-13052291.5587396
Circle K 2709447,4730 Highway 76,Fallbrook,92028,Convenience Store,3939024.43241596,-13042466.5004822
Circle K 2709449,2750 Via de la Valle,Del Mar,92014,Convenience Store,3892774.07495379,-13052062.2405886
Circle K 2709450,9750 N Magnolia Ave,Santee,92071,Convenience Store,3876043.0700767,-13021172.1950883
Circle K 2709452,11898 Rancho Bernardo Rd,San Diego,92128,Convenience Store,3898352.97821302,-13032687.083216
Circle K 2709457,14863 Pomerado Rd,Poway,92064,Convenience Store,3892868.69372314,-13031305.6083353
Discount Grocery 1,4879 University Ave,San Diego,92105,Grocery Store,3862068.46043319,-13034310.1213918
Target Store T-2802,280 E Via Rancho Pkwy,Escondido,92025,Super Store,3904383.52025937,-13031698.5661378
Walgreens 12421,13390 Poway Rd,Poway,92064,Other,3889598.48579593,-13028971.2386133
Costco Wholesale 0578,7803 Othello Ave,San Diego,92111,Super Store,3871056.77125329,-13041447.9271414
Spring Market And Bakery,725 S Mollison Ave,El Cajon,92020,Grocery Store,3867067.63739739,-13018893.4851118
Town Center Market Inc,29144 Valley Center Rd,Valley Center,92082,Convenience Store,3926034.3884646,-13027178.9948115
Country Wine & Spirits,12215 Woodside Ave,Lakeside,92040,Convenience Store,3876230.58110464,-13016370.9854504
Southbay Nutrition,2949 Beyer Blvd,San Diego,92154,Grocery Store,3838999.10495596,-13031941.2426277
Craft Catering Food To Go,6784 El Cajon Blvd,San Diego,92115,Restaurant Meals Program,3864687.72654532,-13030143.4328514
San Diego Indian Spice,6784 El Cajon Blvd,San Diego,92115,Other,3864687.72654532,-13030143.4328514
Smart & Final 725,933 Sweetwater Rd,Spring Valley,91977,Super Store,3857213.36349507,-13025789.7275665
Dollar Tree 5182,4520 Camino de la Plz,San Ysidro,92173,Other,3835001.63276708,-13028462.5085404
Target Store 3205,3030 Grape St,San Diego,92102,Super Store,3859065.23430142,-13038772.9197777
WinCo Foods 134,555 Grand Ave,San Marcos,92078,Supermarket,3913209.04440162,-13044203.0845386
Chevron 1726,970 Tamarack Ave,Carlsbad,92008,Convenience Store,3915617.17607963,-13061655.7543051
Chevron 1836,785 College Blvd,Oceanside,92057,Convenience Store,3927444.35649611,-13056629.6792958
Chevron 1497,2295 S Melrose Dr,Vista,92081,Convenience Store,3914640.72798472,-13051242.9291363
Chevron 1967,805 Birmingham Dr,Encintas,92007,Convenience Store,3898826.03961706,-13054812.9452061
Chevron 1835,1200 W San Marcos Blvd,San Marcos,92078,Convenience Store,3912989.03617192,-13046037.6297468
Juan Diego's Pizza,949 Broadway,Chula Vista,91911,Restaurant Meals Program,3844421.08026944,-13033621.0537438
Target Store 2855,17170 Camino Del Sur,San Diego,92127,Super Store,3898049.60761167,-13038034.8715537
Chevron 1837,770 Plaza Ct,Chula Vista,91910,Convenience Store,3847247.14720866,-13027682.1589099
Chevron 1875,604 Dennery Rd,San Diego,92154,Convenience Store,3840123.99209725,-13027993.8534842
Country Creek Market,15141 Olde Highway 80,El Cajon,92021,Convenience Store,3875931.3599813,-13007586.7644319
Trader Joe's 223,13480 Highlands Pl,San Diego,92130,Supermarket,3890144.03201898,-13045571.2010804
Del Taco 182,110 W El Norte Pkwy,Escondido,92026,Restaurant Meals Program,3913901.79831568,-13034410.3089335
Walgreens 13834,602 Euclid Ave,San Diego,92114,Other,3857097.73044531,-13033851.4850897
7-eleven 2112 22894c,1030 N Broadway,Escondido,92026,Convenience Store,3913117.31841192,-13034057.4261477
7-eleven 2112 25766,2211 San Elijo Ave,Cardiff by the Sea,92007,Convenience Store,3897847.54192869,-13055711.2934968
7-eleven Store 34243c 34243C,3146 Sports Arena Blvd,San Diego,92110,Convenience Store,3862559.25549845,-13047305.558747
Walmart Neighborhood Market 5637,1046 Mission Ave,Oceanside,92054,Super Store,3921717.44006117,-13066114.0999114
Walmart Neighborhood Market 3084,1266 E Valley Pkwy,Escondido,92027,Super Store,3912713.59969175,-13031730.8487901
McDonald's #26720,340 W Mission Ave,Escondido,92025,Restaurant Meals Program,3912428.73183129,-13034512.722865
Taco Bell #41596,627 N Escondido Blvd,Escondido,92025,Restaurant Meals Program,3912146.79526584,-13034288.9706885
Magnolia Market,112 E Madison Ave,El Cajon,92020,Grocery Store,3868907.41623402,-13020116.8863156
Taco Bell #41598,910 E Vista Way,Vista,92084,Restaurant Meals Program,3923417.20380966,-13050130.8474233
Walgreens 13161,4029 43rd St,San Diego,92105,Other,3862185.2010968,-13035728.3317045
Sea Trader Liquor & Deli,1403 Ebers St,San Diego,92107,Convenience Store,3860245.8941253,-13052533.1220346
Dollar Tree 5502,400 N 2nd St,El Cajon,92021,Other,3868708.36777478,-13017231.4851143
North Park 76 Circle K 22655224,3154 El Cajon Blvd,San Diego,92104,Convenience Store,3862928.95362279,-13038415.5842122
Best Bev,640 E St,Chula Vista,91910,Convenience Store,3847611.21053531,-13035031.4716921
McDonald's 5244,3720 Mission Ave,Oceanside,92058,Restaurant Meals Program,3925118.6795075,-13061496.5674333
Mother's Nutritional Center 218,4502 University Ave,San Diego,92105,Supermarket,3862119.55087616,-13035225.1676061
Chevron 1741,8888 N Magnolia Ave,Santee,92071,Convenience Store,3873829.60581688,-13020719.1247608
Tom's #23,505 W 5th Ave,Escondido,92025,Restaurant Meals Program,3910567.89026913,-13033801.3913188
El Puerto Fish Market,327 W Mission Ave,Escondido,92025,Specialty Store,3912434.18187443,-13034344.6304339
Chevron 1975,2115 Olympic Pkwy,Chula Vista,91915,Convenience Store,3846084.44048011,-13020666.8046001
The People Produce Mobile Farmers Market NAFMNP,6315 Imperial Ave,San Diego,92114,Other,3856843.31526362,-13031248.835395
7-eleven Store 35439c 35439C,7807 Balboa Ave,San Diego,92111,Convenience Store,3871607.02049848,-13041585.96331
Gelson's Markets 27,2707 Via de la Valle,Del Mar,92014,Supermarket,3892720.86052582,-13052160.2017405
5 Star Market & Liquor,1419 Hilltop Dr,Chula Vista,91911,Convenience Store,3842850.71802771,-13030085.5467162
University Food Market,4950 University Ave,San Diego,92105,Convenience Store,3862141.65484108,-13034144.2553505
Walmart Neighborhood Market 4169,300 N 2nd St,El Cajon,92021,Super Store,3868590.23814458,-13017231.4851143
The Snack Shop,555 Broadway,Chula Vista,91910,Convenience Store,3846330.42881262,-13033842.5795304
Davids Friendly Market,543 32nd St,San Diego,92102,Convenience Store,3857060.95037635,-13038320.9626451
Circle K 2729467,2210 Otay Lakes Rd,Chula Vista,91915,Convenience Store,3848512.95667392,-13020907.2547003
Circle K 2729475,2903 Jamacha Rd,El Cajon,92019,Convenience Store,3860879.54510285,-13017567.6699765
Circle K 2729476,10555 Scripps Poway Pkwy,San Diego,92131,Convenience Store,3886971.54258547,-13035537.9753752
Circle K 2729478,1990 College Blvd,Oceanside,92056,Convenience Store,3922886.73274816,-13056088.6665706
Circle K 2729485,13007 Camino Del Sur,San Diego,92129,Convenience Store,3889649.03266438,-13041384.4750317
Carlsbad Ranch Market,6120 Paseo Del Norte,Carlsbad,92011,Convenience Store,3911159.47280504,-13059837.9070205
El Super 51,4421 University Ave,San Diego,92105,Supermarket,3862112.40349517,-13035428.8822742
99 Ranch Market 51,505 Telegraph Canyon Rd,Chula Vista,91910,Supermarket,3846113.65215306,-13028964.5594439
Mike's NY Giant Pizza,1635 Sweetwater Rd,National City,91950,Restaurant Meals Program,3850509.70783461,-13033568.7335831
Dollar Tree 5716,3337 Rosecrans St,San Diego,92110,Other,3861998.31070379,-13047400.1803141
Dollar Tree 5733,2611 Market St,San Diego,92101,Other,3857046.79404942,-13039719.1354494
7-eleven Store 38087a,3515 University Ave,San Diego,92104,Convenience Store,3862130.1395967,-13037471.5949303
7-Eleven Store 21792E,403 3rd Ave,Chula Vista,91910,Convenience Store,3847300.15645849,-13033110.097281
Vons 2724,3439 Via Montebello,Carlsbad,92009,Supermarket,3906166.45248615,-13050203.2050923
California Date Packing Inc,277 El Cajon Blvd,El Cajon,92020,Specialty Store,3867833.9452421,-13020932.8581831
Beverage House Liquor,755 Shadowridge Dr,Vista,92083,Convenience Store,3917337.72657852,-13048950.8608209
Santee Stop Liquor Store & Deli Inc.,9266 Carlton Oaks Dr,Santee,92071,Convenience Store,3874851.15293461,-13024233.4810852
Duke's Liquor 1,7029 El Cajon Blvd,San Diego,92115,Convenience Store,3864603.92537296,-13029537.8548215
Kearny Mesa Market,7631 Linda Vista Rd,San Diego,92111,Convenience Store,3869077.729164,-13041890.9787148
Rocket #0044 0044,3401 College Blvd,Oceanside,92056,Convenience Store,3919434.00577616,-13057382.1990536
Rocket #0041 0041,3252 University Ave,San Diego,92104,Convenience Store,3861972.63336001,-13038146.1910445
Rancho Market & Liquor,2970 Imperial Ave,San Diego,92102,Convenience Store,3856433.59001639,-13038869.7677347
Howell's Liquor,6853 Imperial Ave,San Diego,92114,Convenience Store,3857113.87137507,-13029915.2278952
7-Eleven Store 32942B,5802 Van Allen Way,Carlsbad,92008,Convenience Store,3913387.57980857,-13056393.6819753
Smart & Final 928,955 Carlsbad Village Dr,Carlsbad,92008,Super Store,3916855.27131816,-13062667.6484764
Earl's Place And Market 0981,9821 Equality Ln,La Jolla,92093,Convenience Store,3879783.91729692,-13050474.8246499
WinCo Foods 145,2245 S El Camino Real,Oceanside,92054,Supermarket,3920016.06210472,-13060931.0644201
Shell On Campo Rd,9932 Campo Rd,Spring Valley,91977,Convenience Store,3861926.57311026,-13022392.2567074
Aac Stores Inc 42102,9108 Campo Rd,Spring Valley,91977,Convenience Store,3862386.65425744,-13024487.2895242
Arco Am Pm,1625 Heritage Rd,San Diego,92154,Convenience Store,3838064.92873419,-13024023.0872476
Walmart 3947,875 E H ST,CHULA VISTA,91910,Super Store,3847328.31358808,-13027150.0517439
Dollar Tree 6005,4210 Bonita Rd,Bonita,91902,Other,3850310.57289077,-13028469.1877098
H & S Energy Products 2008,2191 Vista Way,Oceanside,92054,Convenience Store,3919653.204564,-13062229.0496827
Royal Sweets,110 S Mollison Ave,El Cajon,92020,Specialty Store,3868046.08904123,-13018951.371247
Pappys Market,601 N Cleveland St,Oceanside,92054,Convenience Store,3921684.97986117,-13067177.2010485
Grocery Outlet Of Chula Vista 263,1340 3rd Ave,Chula Vista,91911,Super Store,3842995.94433454,-13031805.4328489
7-Eleven Store 13665F,10505 San Diego Mission Rd,San Diego,92108,Convenience Store,3866723.62945846,-13036645.6043086
H & S Energy Products 2069,2432 Coronado Ave,San Diego,92154,Convenience Store,3839258.15640235,-13033273.7369325
Daniels Market,2098 Harrison Ave,San Diego,92113,Convenience Store,3855908.25759278,-13039721.3618392
Sky Liquor,3607 College Ave,San Diego,92115,Convenience Store,3861720.0983398,-13030928.2352615
Del Sol Market 1,4270 Del Sol Blvd,San Diego,92154,Convenience Store,3838838.86842172,-13029144.897019
Seafood City Supermarket,285 E Orange Ave,Chula Vista,91911,Supermarket,3842905.68974137,-13028788.6746484
Dollar Tree 6113,1230 E Mission Rd,San Marcos,92069,Other,3913497.65363225,-13038983.3136153
7- Eleven Store 27744d,4745 El Cajon Blvd,San Diego,92115,Convenience Store,3862955.69199616,-13034681.928491
Sprouts Farmers Market 430,8142 Mira Mesa Blvd,San Diego,92126,Supermarket,3883726.18381634,-13040873.5185689
7-eleven Store 21802d,12918 Campo Rd,Jamul,91935,Convenience Store,3859269.14838661,-13014184.6706513
La Bodeguita,4174 Beyer Blvd,San Ysidro,92173,Supermarket,3836824.40583191,-13029365.3096107
Gtm Discount General Stores,1315 3rd Ave,Chula Vista,91911,Other,3843136.01871167,-13031736.4147646
Liticker's Liquor,4955 Voltaire St,San Diego,92107,Convenience Store,3862384.13938073,-13051768.3571329
Rocket #0026 0026,3010 Market St,San Diego,92102,Convenience Store,3857096.27511666,-13038834.1454976
Goros Liquor,1162 E Washington Ave,Escondido,92025,Convenience Store,3912975.87569027,-13031970.1856953
Trader Joe's 224,5140 College Ave,San Diego,92115,Supermarket,3865065.56735229,-13032170.5607787
Thrifty Payless 6711,13460 Highlands Pl,San Diego,92130,Other,3890145.49144224,-13045571.2010804
Pilot Travel Center 343,1497 Piper Ranch Rd,San Diego,92154,Convenience Store,3838374.81556641,-13019231.8963638
Chevron 1978,2500 El Camino Real,Carlsbad,92008,Convenience Store,3919258.03788804,-13060749.6136501
Chevron 1943,540 La Costa Ave,Encinitas,92024,Convenience Store,3906472.02662921,-13057726.1762801
Chevron 1946,695 E Palomar St,Chula Vista,91911,Convenience Store,3844230.50597308,-13027106.6371425
Chevron 1893,12295 Scripps Poway Pkwy,Poway,92064,Convenience Store,3886659.97783961,-13031136.4027093
Chevron 1945,9936 Mercy Rd,San Diego,92129,Convenience Store,3886978.70509072,-13036971.7704166
Chevron 1855,11095 Carmel Mountain Rd,San Diego,92129,Convenience Store,3892302.31956042,-13034428.120052
Chevron 1815,1601 N Coast Hwy,Oceanside,92054,Convenience Store,3923132.47342355,-13067483.3296482
Chevron 1992,1145 Tavern Rd,Alpine,91901,Convenience Store,3874281.40754139,-12999965.8320922
Chevron 1922,7209 Broadway,Lemon Grove,91945,Convenience Store,3861172.82533452,-13029109.2747819
Mesa Market,2255 Mission Ave,Oceanside,92058,Convenience Store,3923009.66896194,-13064389.760999
7-Eleven 13623D,1305 Garnet Ave,San Diego,92109,Convenience Store,3868602.28943149,-13051771.6967176
Sunshine Summit Market And Gas corporatio,35230 Highway 79,Warner Springs,92086,Convenience Store,3942154.07286796,-12995427.3364526
J St. Liquor & Gas,701 Broadway,Chula Vista,91910,Convenience Store,3845480.7927796,-13034026.2566902
Arco Ampm 66570,600 Hacienda Dr,Vista,92081,Convenience Store,3920973.00674831,-13052667.8186185
7-eleven Store 20611d 20611D,9805 Prospect Ave,Santee,92071,Convenience Store,3872939.56744072,-13022522.5005117
Santee Market,11007 Woodside Ave,Santee,92071,Convenience Store,3874721.16905528,-13019753.9847756
Fast Fuel,4505 Clairemont Mesa Blvd,San Diego,92117,Convenience Store,3873302.039961,-13046009.7998741
Sand N Straw Community Farm,629 Mar Vista Dr,Vista,92081,Farmers and Markets,3919410.19741819,-13050631.7851319
Family Dollar 10886,1281 N Santa Fe Ave,Vista,92084,Other,3924146.09210103,-13051626.9813796
7-Eleven 20174T,6571 El Cajon Blvd,San Diego,92115,Convenience Store,3864432.75042251,-13030720.0678137
7-eleven Store 27524c 27524C,1177 N Escondido Blvd,Escondido,92026,Convenience Store,3913366.84137833,-13034675.2493216
Easy Moon Inc. 2,2901 National Ave,San Diego,92113,Grocery Store,3855012.03173264,-13039018.9358523
CVS 10508,4949 Santa Monica Ave,San Diego,92107,Other,3861776.61383105,-13052133.4850627
Ramona Grange Growers Exchange CFM0329,215 7th St,Ramona,92065,Farmers and Markets,3901304.64696388,-13009295.5186156
Dollar Tree 5854,4792 Clairemont Mesa Blvd,San Diego,92117,Other,3873367.22260781,-13045297.3551331
Multi-Site Management LLC #823 823,4201 W Point Loma Blvd,San Diego,92110,Convenience Store,3862530.53257065,-13049635.4756893
Multi-Site Management 822,2505 Morena Blvd,San Diego,92110,Convenience Store,3867280.29706083,-13047255.4649761
7 Eleven Store 38395A,1610 Broadway,Chula Vista,91911,Convenience Store,3842006.8814016,-13032898.5902485
Fair Valley Liquor,545 E Main St,El Cajon,92020,Convenience Store,3868110.71288053,-13019410.0075491
Grove Market,7977 Broadway,Lemon Grove,91945,Convenience Store,3861128.88577393,-13027369.3511408
Smr Chevron,9749 Campo Rd,Spring Valley,91977,Convenience Store,3861855.89480107,-13022793.0068743
Valley Farm Market,9040 Campo Rd,Spring Valley,91977,Super Store,3862370.90319638,-13024597.4958201
Grocery Outlet Of Lakeside 517,9720 Winter Gardens Blvd,Lakeside,92040,Supermarket,3876007.15841188,-13016720.5286515
Whispering Trees Market,88 Bonita Rd,Chula Vista,91910,Convenience Store,3848430.19569563,-13032407.6712941
7-eleven Store 19273B,7801 Clairemont Mesa Blvd,San Diego,92111,Convenience Store,3873112.98583123,-13041395.6069808
CVS Pharmacy CVS10819,1850 5th Ave,San Diego,92101,Other,3858839.62288917,-13042223.8239923
Julys Produce & Mini Mart,2359 Ulric St,San Diego,92111,Convenience Store,3866957.99867248,-13043227.9257992
Party Time Liquor 11,1059 Garnet Ave,San Diego,92109,Convenience Store,3868445.22637363,-13052262.615672
Big Rock Market 1,8011 Mission Gorge Rd,Santee,92071,Convenience Store,3873571.91436507,-13026826.1120257
Circle K 2709503,12849 Rancho Penasquitos Blvd,San Diego,92129,Convenience Store,3888689.47537442,-13036302.740277
Tortilleria Leon,1591 E Vista Way,Vista,92084,Grocery Store,3924912.01950876,-13049547.5332916
7-eleven Store 24085e,900 N Santa Fe Ave,Vista,92083,Convenience Store,3923476.01347652,-13051654.8112523
Speedway 3776,660 Via de la Valle,Solana Beach,92075,Convenience Store,3892573.56000304,-13052942.7777607
7-Eleven 43125H,12174 Carmel Mountain Rd,San Diego,92128,Convenience Store,3893355.73369977,-13032842.9305031
Store 6261,11815 Carmel Mountain Rd,San Diego,92128,Convenience Store,3892724.44353457,-13033035.5132222
Store 6403,601 N 2nd St,El Cajon,92021,Convenience Store,3869105.01124642,-13017225.9191397
Store 6269,9205 Twin Trails Dr,San Diego,92129,Convenience Store,3889597.42444669,-13038654.9211174
Store 6271,12010 Scripps Highlands Dr,San Diego,92131,Convenience Store,3886929.09819964,-13036378.4375307
Speedway 3786,1092 E Washington Ave,El Cajon,92020,Convenience Store,3867153.57474427,-13018248.9452601
Botani Familia Pizzaria,665 Jamacha Rd,El Cajon,92019,Restaurant Meals Program,3867214.08878387,-13016408.8340773
Highland Mobil,2945 Highland Ave,National City,91950,Convenience Store,3850202.14757251,-13034559.4770511
Store 6264,3890 Division St,San Diego,92113,Convenience Store,3853255.09730441,-13036626.6799952
Speedway 3780,4202 Clairemont Mesa Blvd,San Diego,92117,Convenience Store,3872940.09736316,-13046838.0168856
Store 6273,6125 Balboa Ave,San Diego,92111,Convenience Store,3871464.48837414,-13043945.9365148
Store 6402,7785 Clairemont Mesa Blvd,San Diego,92111,Convenience Store,3873120.00740891,-13041492.4549378
Speedway 4854,3255 University Ave,San Diego,92104,Convenience Store,3861965.48606808,-13038127.2667311
Somerville's Country Market,5113 5th St,Fallbrook,92028,Convenience Store,3950369.215364,-13041247.552058
Kings Liquor & Deli # 3,3021 Alta View Dr,San Diego,92139,Convenience Store,3852439.34849918,-13028574.9412261
THRIFTY PAYLESS INC 6750,28535 Cole Grade Rd,Valley Center,92082,Other,3925996.85908401,-13027035.3926684
King Liquor,320 E St,Chula Vista,91910,Convenience Store,3848203.86192114,-13033518.6398122
Store 6237,1145 Carlsbad Village Dr,Carlsbad,92008,Convenience Store,3917062.32037237,-13062382.67058
Store 6243,3480 Del Lago Blvd,Escondido,92029,Convenience Store,3904623.2922753,-13032291.8990237
Store 6249,2110 Mission Rd,Escondido,92029,Convenience Store,3912670.53009633,-13038068.267401
Franks Liquor Inc,1610 Palm Ave,San Diego,92154,Convenience Store,3840212.11166786,-13035415.5239353
Sprouts Farmers Market 417,3015 Clairemont Dr,San Diego,92117,Supermarket,3868126.86889577,-13045926.310256
7 Eleven 19883D,16703 Bernardo Center Dr,San Diego,92128,Convenience Store,3897580.16208335,-13032732.7242072
Coastal Roots Farm Stand,441 Saxony Rd,Encinitas,92024,Farmers and Markets,3902731.28604136,-13056156.5714599
7 Eleven 26910,1995 El Cajon Blvd,San Diego,92104,Convenience Store,3862801.08679458,-13040452.7308937
H Mart Balboa Llc,7725 Balboa Ave,San Diego,92111,Super Store,3871654.97314404,-13041994.5058412
7-eleven Store 35538a,1539 Highland Ave,National City,91950,Convenience Store,3851780.49523854,-13035071.5467088
Denny's #7287,140 Town Center Pkwy,Santee,92071,Restaurant Meals Program,3874269.35043713,-13023160.3611939
JACK IN THE BOX INC #3069,4075 University Ave,San Diego,92105,Restaurant Meals Program,3862094.79977899,-13036337.2493191
Target 2871,443 College Blvd,Oceanside,92057,Super Store,3928316.58857752,-13057030.4294627
Sycuan Market Co-op ,4915 Dehesa Rd,El Cajon,92019,Convenience Store,3866928.73536894,-13007193.8066294
Mi Pueblo Sunny Market,449 Broadway,Chula Vista,91910,Convenience Store,3846693.00987333,-13034363.5547473
SUBWAY 46836,6348 College Grove Way,San Diego,92115,Restaurant Meals Program,3860592.2275442,-13030606.5219331
Crafted Selections,202 S Rancho Santa Fe Rd,San Marcos,92078,Convenience Store,3914692.04797632,-13046750.0744879
Simons One Dollar Store And Up,989 Broadway,El Cajon,92021,Other,3869803.24217085,-13018646.3558422
Jamul Trading Post,17608 Lyons Valley Rd,Jamul,91935,Convenience Store,3857775.00695179,-12998859.3163537
SUBWAY 2019,3886 Fourth Ave,San Diego,92103,Restaurant Meals Program,3861908.96967154,-13042418.6331012
Crest Balboa Liquor,6139 Balboa Ave,San Diego,92111,Convenience Store,3871465.01823014,-13043881.3712102
La Favorita Market 6,245 W El Norte Pkwy,Escondido,92026,Grocery Store,3913821.63297762,-13034705.3055841
La Bodega Market,110 E Olive Dr,San Ysidro,92173,Super Store,3836130.6308061,-13029142.6706291
7-Eleven 27659,3185 Midway Dr,San Diego,92110,Convenience Store,3862152.37594079,-13047664.0075073
Carl's Jr. #118,3722 Kenora Dr,Spring Valley,91977,Restaurant Meals Program,3861762.98126388,-13023136.9841008
7 Eleven 13597D,522 W 9th Ave,Escondido,92025,Convenience Store,3910110.03580049,-13033555.3752442
Sprouts Farmers Market 416,2634 Gateway Rd,Carlsbad,92009,Supermarket,3912291.28524322,-13052770.23255
Mollison Gas & Mini Mart 42630,593 N Mollison Ave,El Cajon,92021,Convenience Store,3869112.03043319,-13018919.0885947
Summit Pizza LLC Pizza Hut #027202,1255 Avocado Ave,El Cajon,92020,Restaurant Meals Program,3865917.5408926,-13019539.1381584
McDonald's #13408,9871 Aero Dr,San Diego,92123,Restaurant Meals Program,3870039.65940876,-13037303.5024992
7-ELEVEN 15046,4091 Genesee Ave,San Diego,92111,Convenience Store,3871033.06104312,-13044481.3832655
Summit Pizza West LLC Pizza Hut #027212,8300 Paradise Valley Rd,Spring Valley,91977,Restaurant Meals Program,3855254.23750381,-13026632.4161118
Target Store T3303,4864 Newport Ave,San Diego,92107,Super Store,3861565.11228193,-13052067.8065631
Dollar Tree 7986,3470 Highland Ave,National City,91950,Other,3849159.06748585,-13034688.6076605
Island Pacific Supermarket,2720 E Plaza Blvd,National City,91950,Super Store,3852990.7134005,-13033005.4569597
Pepe's Produce,907 Main St,Ramona,92065,Grocery Store,3900979.81937972,-13009610.5527746
Palm Ave Market And Liquor,1200 Palm Ave,Imperial Beach,91932,Convenience Store,3840260.46541399,-13036380.6639205
San Diego Food Market,1154 E Main St,El Cajon,92021,Grocery Store,3868152.69208091,-13017977.3257026
Dollar Tree 7616,836 Palm Ave,Imperial Beach,91932,Other,3840224.26614285,-13037178.8246695
Mercado Shores,639 7th St,Imperial Beach,91932,Convenience Store,3840323.48411712,-13037512.7831419
Dollar Tree 7393,7117 Broadway,Lemon Grove,91945,Other,3861161.17868806,-13029302.9706959
Rocket #0204 204,1740 E Vista Way,Vista,92084,Convenience Store,3925340.51373709,-13049557.5520457
Rocket,4704 Imperial Ave,San Diego,92113,Convenience Store,3856102.98902046,-13034759.8521346
7-Eleven Store 38571H,3504 El Cajon Blvd,San Diego,92104,Convenience Store,3862923.79127056,-13037474.934515
Circle K #9511 2709511,3361 Mission Ave,Oceanside,92058,Convenience Store,3924286.20674384,-13062379.3309953
7-eleven Store 13655f 13655F,2270 Fletcher Pkwy,El Cajon,92020,Convenience Store,3869189.90395584,-13023841.6364776
Ocean Beach Corner Inc,4991 Newport Ave,San Diego,92107,Grocery Store,3861741.80449176,-13052318.2754174
Easy Moon Inc.,4129 University Ave,San Diego,92105,Grocery Store,3862121.53626054,-13036191.4207862
Dollar Tree 7831,510 Broadway,Chula Vista,91910,Other,3846364.66402636,-13034324.5929256
Pine Palace Liquor,11 3rd Ave,Chula Vista,91910,Convenience Store,3849011.78231508,-13033997.3136226
7-eleven Store 22872d 22872D,1826 Rosecrans St,San Diego,92106,Convenience Store,3859574.562967,-13049406.1575382
One Stop Liquor,1873 S Escondido Blvd,Escondido,92025,Convenience Store,3908789.86743858,-13032343.1059894
Spring Valley Produce 6196979886,9510 Jamacha Blvd,Spring Valley,91977,Grocery Store,3856611.66065606,-13023792.6559016
Viva Market,2031 Mission Ave,Oceanside,92058,Supermarket,3922516.86754952,-13064842.8313265
San Marcos Market 4,932 Vista Village Dr,Vista,92084,Grocery Store,3922444.22634015,-13050969.083189
North Park Produce,1952 Hacienda Dr,Vista,92081,Supermarket,3919967.77798992,-13055933.9324784
7-eleven Store 38369A,420 N Coast Hwy,Oceanside,92054,Convenience Store,3921677.39695863,-13066818.7522881
Tecate Supermarket,405 Tecate Rd,Tecate,91980,Grocery Store,3839277.83978818,-12982916.1388823
Five Mart 1,397 N 2nd St,El Cajon,92021,Grocery Store,3868691.68123047,-13017213.6739957
7-ELEVEN 32606,9609 Aero Dr,San Diego,92123,Convenience Store,3869882.9745126,-13037954.7215203
Oak Knoll Market,12455 Poway Rd,Poway,92064,Convenience Store,3888869.22885076,-13031111.9124213
Massachusetts Arco 42503,3775 Massachusetts Ave,La Mesa,91941,Convenience Store,3861611.56817942,-13029140.4442393
Aldi 79096,1850 Main Ct,Chula Vista,91911,Supermarket,3841476.11175784,-13028129.6632629
Aldi 79073,1352B W Valley Pkwy,Escondido,92029,Supermarket,3910166.78485707,-13035832.9720258
7 Eleven 39178,4727 Federal Blvd,San Diego,92102,Convenience Store,3858305.05353872,-13034714.2111433
Sprouts Farmers Market 435,1400 E Vista Way,Vista,92084,Supermarket,3924485.67009862,-13049558.6652406
Dollar Tree 7912,9864 N Magnolia Ave,Santee,92071,Other,3876277.09490385,-13021280.1749944
Harry's Market,750 Ventura Pl,San Diego,92109,Convenience Store,3865110.97790743,-13052391.7462813
Pizza Hut #027207,8011 University Ave,La Mesa,91942,Restaurant Meals Program,3864207.43343513,-13027046.5246175
Go Mart Liquor,120 W El Norte Pkwy,Escondido,92026,Convenience Store,3913893.15691776,-13034474.8742381
Ruiz Liquor,2145 E Vista Way,Vista,92084,Convenience Store,3926321.31921791,-13049551.9860712
Carl's Jr #95,4199 Governor Dr,San Diego,92122,Restaurant Meals Program,3875925.26432454,-13046695.5279374
Garden Pick Market 1 1,1131 E Washington Ave,Escondido,92025,Supermarket,3912898.77417679,-13032057.0148981
Sprouts Farmers Market 409,16415 Paseo Del Sur,San Diego,92127,Supermarket,3898069.92058355,-13038160.6625783
Keg N Bottle 9,3773 Avocado Blvd,La Mesa,91941,Convenience Store,3861914.52864935,-13020144.7161883
Ultra Gas,3276 El Cajon Blvd,San Diego,92104,Convenience Store,3862877.85967205,-13038123.9271463
Smart & Final 742,40 N 4th Ave,Chula Vista,91910,Super Store,3849128.79058188,-13034392.497815
Butterfield Ranch General Store,14925 Great Sthrn Overland STG RT,Julian,92036,Convenience Store,3892437.93899689,-12961651.889751
Cheran Market,7968 Broadway,Lemon Grove,91945,Grocery Store,3861262.69018666,-13027384.9358695
La Mexicana Market,440 N Santa Fe Ave,Vista,92083,Grocery Store,3922612.79189196,-13051663.7168115
7-eleven Store 13633F,5141 College Ave,San Diego,92115,Convenience Store,3865058.94775245,-13032117.1274231
Bottle Stop And Craft Beer San Diego,3663 Euclid Ave,San Diego,92105,Convenience Store,3861557.03876855,-13034629.6083303
Vine Liquor And Gas,9716 Los Coches Rd,Lakeside,92040,Convenience Store,3876136.0963754,-13015510.4857866
On Broadway Gas,900 Broadway,El Cajon,92021,Convenience Store,3869810.79155547,-13018881.2399678
7-eleven Store 39902a 39902A,801 S Twin Oaks Valley Rd,San Marcos,92078,Convenience Store,3910944.5538221,-13042606.7630406
Vista Service Station Lp,1401 E. Vista Way,Vista,92084,Convenience Store,3924482.07733286,-13049544.1937068
CVS Pharmacy 11363,4301 Park Blvd,San Diego,92103,Other,3862878.38914191,-13040657.5587568
ALDI 79127,13440 Poway Rd,Poway,92064,Supermarket,3889639.48048356,-13028665.1100136
CVS Pharmacy 10743,2650 Gateway Rd,Carlsbad,92009,Other,3912275.06824771,-13052733.4971181
Manolo Farmers Market 2,303 Highland Ave,National City,91950,Super Store,3853214.75820714,-13035547.9941294
Bj Spirits Inc.,125 W San Ysidro Blvd,San Ysidro,92173,Convenience Store,3836086.78421524,-13029444.3464492
North Park Thursday Market,3000 N Park Way,San Diego,92104,Farmers and Markets,3861824.65882937,-13038853.069811
7-eleven Store 13660f 13660F,335 Jamacha Rd,El Cajon,92019,Convenience Store,3867742.04393372,-13016933.1488789
Apple Tree Market,1193 Broadway,Chula Vista,91911,Supermarket,3843260.50129459,-13033282.6424917
Dollar Tree 7389,816 Paseo del Rey,Chula Vista,91910,Other,3847228.50810246,-13027612.0276307
CVS Pharmacy 20954,402 5th Ave,San Diego,92101,Other,3856837.75867498,-13042209.3524585
7-Eleven 13591D,275 E St,Chula Vista,91910,Convenience Store,3848297.06543323,-13033283.7556867
7-eleven Store 38147a,711 4th Ave,San Diego,92101,Convenience Store,3857234.53213945,-13042306.2004154
Oceanside Plaze Venture Inc,3804 Plaza Dr,Oceanside,92056,Convenience Store,3919599.46855734,-13057003.7127849
G&M 196,920 Carlsbad Village Dr,Carlsbad,92008,Convenience Store,3916878.1436085,-13062733.326976
G&M 198,1660 Oceanside Blvd,Oceanside,92054,Convenience Store,3920445.30736977,-13064925.2077497
99 Ranch Market 39,5950 Balboa Ave,San Diego,92111,Super Store,3871492.83570371,-13044085.0858783
Fuller Liquor,3896 Rosecrans St,San Diego,92110,Convenience Store,3862794.07136691,-13046902.5821903
SOCAL FOOD GROUP LP DEL TACO 1304,2269 S El Camino Real,Oceanside,92054,Restaurant Meals Program,3919698.42812795,-13060968.9130469
Eagle Liquor,1558 N Magnolia Ave,El Cajon,92020,Convenience Store,3871388.71921158,-13020187.0175948
Orange Liquor 1,1447 3rd Ave,Chula Vista,91911,Convenience Store,3842587.09520817,-13031557.1903845
Dollar Tree 4941,2017 Mission Ave,Oceanside,92058,Other,3922482.27644093,-13064876.2271738
Jack in the Box #15,802 3rd Ave,Chula Vista,91911,Restaurant Meals Program,3845485.41882178,-13032522.3303696
ALDI 52,4251 Oceanside Blvd,Oceanside,92056,Supermarket,3922987.31682655,-13055755.8212931
SOCAL FOOD GROUP LP DEL TACO 1308,1601 Carmelo Dr,Oceanside,92054,Restaurant Meals Program,3922979.73307607,-13067643.6297149
SOCAL FOOD GROUP LP DEL TACO 1309,1970 College Blvd,Oceanside,92056,Restaurant Meals Program,3923089.76446609,-13056038.5727997
Jack in The Box #89,3808 Plaza Dr,Oceanside,92056,Restaurant Meals Program,3919585.76857548,-13056930.241921
5 Star Market & Liquor,7495 University Ave,La Mesa,91942,Convenience Store,3863236.44857834,-13028393.4904561
7-Eleven 34478,4410 Camino De La Plz,San Ysidro,92173,Convenience Store,3835122.59641644,-13028749.7128266
Golden Eagle Farm Tribal,27236 Highway 78,Ramona,92065,Farmers and Markets,3905037.75744212,-12995656.6546036
Rocket #0003 0003,102 W Mission Ave,Escondido,92025,Convenience Store,3912605.12842206,-13033932.748318
Rocket #0018 0018,303 E ESCONDIDO BLVD,ESCONDIDO,92025,Convenience Store,3911006.88922361,-13033593.2238711
Rocket #0020 0020,710 N 2nd St,El Cajon,92021,Convenience Store,3869348.96355077,-13017235.9378939
Rocket #0021 0021,1202 S Main Ave,Fallbrook,92028,Convenience Store,3944667.77731805,-13052344.9920952
Rocket #0024 0024,235 S 47th St,San Diego,92113,Convenience Store,3855892.51517884,-13034809.9459054
Rocket #0025 0025,6839 Imperial Ave,San Diego,92114,Convenience Store,3857089.13077863,-13029967.5480559
Rocket #0030 0030,485 N Melrose Dr,Vista,92083,Convenience Store,3922484.80424923,-13052684.5165421
Rocket #0036 0036,2395 Sunset Cliffs Blvd,San Diego,92107,Convenience Store,3862528.94420802,-13051134.9492303
Rocket #0042 0042,695 El Cajon Blvd,El Cajon,92020,Convenience Store,3867212.63220596,-13021523.9646793
Rocket #0045 0045,898 Broadway,El Cajon,92021,Convenience Store,3869810.79155547,-13018964.7295859
Lazy Acres 25,150 Encinitas Blvd,Encinitas,92024,Super Store,3901760.56287345,-13056611.8681773
Rocket 0017,27406 Valley Center Rd,Valley Center,92082,Convenience Store,3922984.78890917,-13028121.8708986
7-eleven Store 13576G,698 H St,Chula Vista,91910,Convenience Store,3846279.01008702,-13034755.3993549
ALDI 79094,40 N 4th Ave,Chula Vista,91910,Supermarket,3849156.95206646,-13034227.7449686
World Foods Supermarket,5245 El Cajon Blvd,San Diego,92115,Super Store,3863131.87556681,-13033623.2801336
Vons 3323,7895 Highland Village Pl,San Diego,92129,Supermarket,3890284.66818641,-13041516.9452257
La Posta Market 2,1266 Imperial Beach Blvd,Imperial Beach,91932,Other,3839237.9446375,-13036224.8166334
Ranch Farmers Market,2754 Alpine Blvd,Alpine,91901,Grocery Store,3873468.7068785,-12997026.9975353
Wing Stop #1113,1285 Broadway,Chula Vista,91911,Restaurant Meals Program,3842897.62896931,-13033112.3236708
Oceanside Shell,660 Douglas Dr,Oceanside,92058,Convenience Store,3927858.16942405,-13060244.2231619
Sakata Market,6197 University Ave,San Diego,92115,Grocery Store,3862574.47735492,-13031317.8534792
Chevron Station #2021 2021,3452 Via Mercato,Carlsbad,92009,Convenience Store,3906226.23810274,-13050377.9766929
Chevron Station #2022 2022,3272 Heritage Rd,Chula Visa,91913,Convenience Store,3844928.19201193,-13024735.5319886
Sixth Market 0130,9500 Gilman Drive,La Jolla,92093,Convenience Store,3878979.84944992,-13050711.9351653
Chevron Station 1977,3359 University Ave,San Diego,92104,Convenience Store,3861986.26616959,-13037893.4958004
7-eleven Store 13590e 14590E,1097 Broadway,Chula Vista,91911,Convenience Store,3843728.31378904,-13033396.1883724
Al's Short Stop,908 Del Dios Rd,Escondido,92029,Convenience Store,3909742.43617958,-13035473.4100706
A1 Liqour Super Seven,2250 S Escondido Blvd,Escondido,92025,Convenience Store,3907864.88166497,-13032294.1254135
Grocery Outlet Of National City 145,3446 Highland Ave,National City,91950,Super Store,3849321.95591574,-13034295.649858
ALDI 79072,1300 E Valley Pkwy,Escondido,92027,Supermarket,3912744.57267808,-13031651.8119516
ALDI 79104,333 N El Camino Real,Encinitas,92024,Supermarket,3902633.0014688,-13053531.657867
ALDI 79021,6755 Mira Mesa Blvd,San Diego,92121,Supermarket,3882994.772497,-13043617.544017
Midway Mini Market,758 N Midway Dr,Escondido,92027,Grocery Store,3914406.99885796,-13030584.2580349
Wing Stop #1086,1815 E Valley Pkwy,Escondido,92027,Restaurant Meals Program,3913301.43580132,-13030508.5607812
Target Store T-3302,3029 University Ave,San Diego,92104,Super Store,3861963.50070998,-13038733.9579559
Am Pm Balboa 42044,6130 Balboa Ave,San Diego,92111,Convenience Store,3871490.84873914,-13043937.0309556
7-eleven Store 35480B,899 3rd Ave,Chula Vista,91911,Convenience Store,3845089.56832908,-13032379.8414214
Productos Ortiz Market,1310A S Escondido Blvd,Escondido,92025,Convenience Store,3909839.85028105,-13032887.4582994
Crash Market,333 Twin Oaks Valley Rd,San Marcos,92096,Convenience Store,3912228.94298205,-13042765.9499124
Taco Bell #41594,6104 University Ave,San Diego,92115,Restaurant Meals Program,3862596.58217278,-13031542.7188506
7-eleven Store 24070c 24070C,1482 Hilltop Dr,Chula Vista,91911,Convenience Store,3842384.39373451,-13030171.2627241
University Halal Market,6172 University Ave,San Diego,92115,Grocery Store,3862620.93722968,-13031359.0416908
CVS Pharmacy 10919,9665 Campo Rd,Spring Valley,91977,Other,3861899.30764491,-13023037.909754
Tierra Santa Arco,10821 Tierrasanta Blvd,San Diego,92124,Convenience Store,3871642.91873133,-13035315.3363936
Big Liquor,617 N Redondo Dr,Oceanside,92057,Convenience Store,3929186.48991624,-13057840.8353557
Granada Liquor,930 Broadway,El Cajon,92021,Convenience Store,3869816.35426303,-13018737.6378247
El Super 29,151 W Lincoln Ave,Escondido,92026,Supermarket,3913027.0554245,-13034132.0102065
Asianside Variety Store,465 Vandegrift Blvd,Oceanside,92057,Convenience Store,3929064.6865006,-13057771.8172714
Bubbles By The Beach,218 N Cleveland St,Oceanside,92054,Convenience Store,3921312.49223716,-13066843.2425761
Aldi 79059,8788 Navajo Rd,San Diego,92119,Supermarket,3869185.26861269,-13025259.8467903
Ucsd-hdh Roger's Market 0351,9249 S Scholars Dr,La Jolla,92093,Convenience Store,3878429.25510559,-13051474.4736772
Attisha Fuel Inc N/A,121 E San Ysidro Blvd,San Ysidro,92173,Convenience Store,3836013.22267862,-13029201.6699593
Moms And Kids Nutrition 2,1031 S Santa Fe Ave,Vista,92083,Grocery Store,3920739.68272433,-13049933.8119246
7-eleven Store 29540c 29540C,7 Naples St,Chula Vista,91911,Convenience Store,3844576.37019365,-13030771.2747795
Korner Market,482 E Pennsylvania Ave,Escondido,92025,Convenience Store,3912125.39441852,-13032995.4382055
Rocket #0050 0050,3927 El Cajon Blvd,San Diego,92105,Convenience Store,3862842.5176129,-13036614.4348512
7-eleven Store 13583E,2425 Sweetwater Rd,National City,91950,Convenience Store,3850267.59932247,-13032532.3491238
Suncity Smokes & Market,635 C St,San Diego,92101,Convenience Store,3857735.71088622,-13042040.1468325
7 Eleven Store 27664C,2483 Broadway,San Diego,92102,Convenience Store,3857638.72822714,-13040064.2258709
Party Time Liquor 3,1350 6th Ave,San Diego,92101,Convenience Store,3858114.78445088,-13042115.8440862
7-eleven Store 18710d 18710D,430 Spruce St,San Diego,92103,Convenience Store,3860675.07380517,-13042262.785814
Lemon Grove Mobil,8170 Broadway,Lemon Grove,91945,Convenience Store,3861393.98145214,-13026759.3203313
3 Brothers Liquor,1031 Broadway,El Cajon,92021,Convenience Store,3869749.6019458,-13018440.4147843
Fanita Liquor & Market,8663 Fanita Dr,Santee,92071,Convenience Store,3873143.8543078,-13024457.2332617
7-Eleven 19987H,3603 College Ave,San Diego,92115,Convenience Store,3861667.15667336,-13030941.5936004
Target Store T3319,935 Sweetwater Rd,Spring Valley,91977,Super Store,3857353.60647157,-13025608.2767965
Afghan Food Market,435 W Main St,El Cajon,92020,Grocery Store,3868071.38234593,-13020716.898371
Buds Liquor,4597 Park Blvd,San Diego,92116,Convenience Store,3863591.87138169,-13040637.5212485
Frazier Farms Market 3,8401 Fletcher Pkwy,La Mesa,91942,Super Store,3865917.5408926,-13026214.9680213
Party Time Liquor & Fuels,1606 Market St,San Diego,92101,Convenience Store,3857080.00190855,-13040980.3852801
Subway 24115,3807 Fairmount Ave,San Diego,92105,Restaurant Meals Program,3861914.52864935,-13035578.0503919
Mirage Gas,755 Palm Canyon Dr,Borrego Springs,92004,Convenience Store,3929353.02320769,-12954553.0458231
7-Eleven Store 18978E,3100 E Plaza Blvd,National City,91950,Convenience Store,3853114.90300156,-13032543.4810729
Palm Ridge Liquor,4370 Palm Ave,San Diego,92154,Convenience Store,3840319.91701177,-13028738.5808776
Mama's Mini-mart,705 Center Drive,San Marcos,92069,Grocery Store,3913088.33846652,-13037936.9104018
Aztec Terrace Market,5402 College Ave,San Diego,92115,Convenience Store,3865724.10373181,-13031937.903043
7-eleven Store 21804g 21804G,555 W Country Club Ln,Escondido,92026,Convenience Store,3916340.92259118,-13035503.4663331
Bottle Stop And Craft Beer,12930 Campo Rd,Jamul,91935,Convenience Store,3859269.14838661,-13014184.6706513
Salsa Market,1100 N Santa Fe Ave,Vista,92083,Grocery Store,3923813.57606527,-13051655.9244472
Heights Market,3355 Adams Ave,San Diego,92116,Convenience Store,3863897.92746362,-13037913.5333087
Chula Vista Farmers Market,300 Park Way,Chula Vista,91910,Farmers and Markets,3847434.20085857,-13033166.8702213
City Heights Market,4634 University Ave,San Diego,92105,Convenience Store,3862146.28741383,-13034922.3785911
Food Farm Market,13307 Highway 8 Business,El Cajon,92021,Grocery Store,3873103.31460845,-13013786.1468742
SOCAL FOOD GROUP LP DEL TACO 1312,141 Broadway,El Cajon,92021,Restaurant Meals Program,3869721.788592,-13020010.0196045
Manolo Farmer's Market #8,646 E St,Chula Vista,91910,Supermarket,3847685.90174644,-13035080.4522681
H&S Energy Products 2034,656 Benet Rd,Oceanside,92058,Convenience Store,3923755.16386471,-13064120.3678313
The Local Bottle Shop & The Local Bite,13530 Pomerado Rd,Poway,92064,Convenience Store,3890065.62145442,-13031406.9090719
Filipino Depot,1001 W San Marcos Blvd,San Marcos,92078,Grocery Store,3913077.3048365,-13045344.1093192
Paradise Liquor,6907 Paradise Valley Rd  4,San Diego,92139,Convenience Store,3854071.9606011,-13029494.4402201
Manolo Farmers Market #3,5075 Federal Blvd,San Diego,92102,Supermarket,3858291.42498327,-13033890.4469115
Manolo Farmers Market #4,1099 E Main St,El Cajon,92021,Super Store,3868109.78589672,-13018221.1153874
Vinh Hung Supermarket,10550 Camino Ruiz,San Diego,92126,Super Store,3883274.94697408,-13040600.7858165
7-eleven Store 35752b,4200 Spring St,La Mesa,91941,Convenience Store,3862841.06157529,-13025917.7449809
Grocery Outlet Of Mira Mesa 322,8145 Mira Mesa Blvd,San Diego,92126,Super Store,3883505.66831731,-13040862.3866199
7-eleven Store 21786c 21786C,263 E Grand Ave,Escondido,92025,Convenience Store,3911594.50645664,-13033154.6250773
Circle K 8,7647 Balboa Ave,San Diego,92111,Convenience Store,3871651.52902487,-13042126.9760353
Slicks Liquor,333 S Santa Fe Ave,Vista,92083,Convenience Store,3921671.80955991,-13051188.3825858
Carniceria El Jefe,200 W El Norte Pkwy,Escondido,92026,Grocery Store,3913814.05518809,-13034604.0048475
Community Roots Farm,4510 N River Rd,Oceanside,92057,Farmers and Markets,3927927.25059699,-13059669.8145894
7-eleven Store 13650b 13650B,8508 San Carlos Dr,San Diego,92119,Convenience Store,3868855.36930599,-13025907.7262267
Hank's Farmer Market,420 S Meadowbrook Dr,San Diego,92114,Supermarket,3855314.29366309,-13027432.8032506
Grocery Outlet Of East Village 089,1002 Market St,San Diego,92101,Super Store,3857133.58450775,-13041646.075835
Fountain Liquor Store,581 N Mollison Ave,El Cajon,92021,Convenience Store,3869024.09224454,-13018894.5983067
7-eleven Store 17265g 17265G,1601 E 18th St,National City,91950,Convenience Store,3851875.31388806,-13034078.5768509
7-eleven Store 24335f 24335F,1988 Village Park Way,Encinitas,92024,Convenience Store,3902406.95008687,-13051746.0932347
Dollar Tree 7678,4908 N River Rd,Oceanside,92057,Other,3928689.3003901,-13057864.2124487
Giant K Inc,606 Crouch St,Oceanside,92054,Convenience Store,3921457.09583966,-13063756.3530964
7-Eleven Store 27495C,1334 W Valley Pkwy,Escondido,92029,Convenience Store,3910363.48161427,-13035732.7844841
Broadway Discount 1,1259 Broadway,El Cajon,92021,Grocery Store,3869799.13636721,-13017428.520613
Pacific Beach Tuesday Farmers Market ,4451 Bayard St,San Diego,92109,Farmers and Markets,3868277.96843923,-13052584.3290004
Burger King #806,1180 Palm Ave,Imperial Beach,91932,Restaurant Meals Program,3840249.89627229,-13036446.3424201
El Rey Market,2445 Otay Center Dr,San Diego,92154,Grocery Store,3836489.33370657,-13017901.6284488
Matthew's Live Oak,37822 Oaks Ct,Boulevard,91905,Convenience Store,3853998.28716002,-12950378.5649184
Winter Gardens Market,8047 Winter Gardens Blvd,El Cajon,92021,Grocery Store,3871931.43322924,-13016907.5453961
7-Eleven 29144J,15883 Bernardo Center Dr,San Diego,92127,Convenience Store,3896009.86022369,-13034550.5714919
Mullen Market & Liquor,3011 Imperial Ave,San Diego,92102,Convenience Store,3856365.98737898,-13038762.9010235
Barrio Market,1897 National Ave,San Diego,92113,Convenience Store,3855632.70223646,-13040565.1635794
Greene Cat Liquor Inc.,5102 Imperial Ave,San Diego,92114,Convenience Store,3856219.53837488,-13033808.0704883
7-eleven Store 20245d 20245D,10133 Maine Ave,Lakeside,92040,Convenience Store,3877082.43564311,-13015685.2573871
California Keg & Liquor,14251 Garden Rd,Poway,92064,Convenience Store,3889497.26004525,-13026918.5072031
Sunshine Market Liquor 1,3824 Park Blvd,San Diego,92103,Convenience Store,3861878.66005291,-13040683.1622397
Otay Ranch Market,1392 E Palomar St,Chula Vista,91913,Convenience Store,3845408.75892765,-13024035.3323915
Carlsbad Fuel & Convenience,7602 El Camino Real,Carlsbad,92009,Convenience Store,3906905.29131896,-13054265.2533114
Dulcerias Aztecas Escondido Llc 3,632 N Escondido Blvd,Escondido,92025,Convenience Store,3912183.74837407,-13034231.0845533
70th Street Shell,5151 70th St,La Mesa,91942,Convenience Store,3865190.28130826,-13029584.6090076
Vesna's European Market,705 Center Dr,San Marcos,92069,Convenience Store,3913088.33846652,-13037936.9104018
Alattar Famous Spices Market FOODS ST,117 E Main St,El Cajon,92020,Grocery Store,3868071.38234593,-13020133.5842392
Barons Market Yes,2015 Birch Rd,Chula Vista,91915,Super Store,3845371.48653791,-13020964.0276406
Bottle Rack Liquor,5307 Lake Murray Blvd,La Mesa,91942,Convenience Store,3865557.94361409,-13029373.1019751
Highland Service,1803 Highland Ave,National City,91950,Convenience Store,3851498.95313291,-13034937.9633198
El Super 64,350 W. San Ysidro Blvd.,San Ysidro,92173,Supermarket,3836344.31922388,-13030106.6974194
Rocket #0657 657,907 Palm Ave,Imperial Beach,91932,Convenience Store,3840153.7175163,-13037061.9392042
Chula Vista Food Services,753 Anita St,Chula Vista,91911,Grocery Store,3842050.22137276,-13033902.6920555
Target Store T3369,9500 Gilman Dr,La Jolla,92093,Super Store,3878979.84944992,-13050711.9351653
McDonald's 18014,10655 Scripps Poway Pkwy,San Diego,92131,Restaurant Meals Program,3886903.76428003,-13035307.5440293
Cortez Hill Market,1301 9th Ave,San Diego,92101,Convenience Store,3858054.18478754,-13041800.8099272
Stars  & Stripes National City,10 Osborn St,National City,91950,Convenience Store,3853202.59037534,-13036591.0577581
7-Eleven 46645,314 E San Ysidro Blvd,San Ysidro,92173,Convenience Store,3835878.77925447,-13028788.6746484
7-Eleven 46773,9490 Mira Mesa Blvd,San Diego,92126,Convenience Store,3884381.78773401,-13037874.571487
Beverage House Liquor # 3,810 E Vista Way,Vista,92084,Convenience Store,3923205.51807832,-13050553.8614883
DOLLARTREE 8644,342C W El Norte Pkwy.,Escondido,92026,Other,3914311.14202073,-13035031.4716921
Jacksons Food Stores 225,400 Sycamore Ave,Vista,92083,Convenience Store,3917707.02845243,-13048131.5493687
City Heights Grocery Outlet 331,4360 54th St,San Diego,92115,Supermarket,3863026.37689903,-13033320.4911186
Jacksons Food Stores 226,679 W San Marcos Blvd,San Marcos,92078,Convenience Store,3913488.48077394,-13044245.3859451
Jacksons Food Stores 227,761 N Broadway,Escondido,92025,Convenience Store,3912564.58488525,-13033897.1260809
Jacksons Food Stores 229,633 Birmingham Dr,Cardiff by the Sea,92007,Convenience Store,3898720.21984305,-13055124.6397803
ExtraMile 230,12109 Woodside Avenue,Lakeside,92040,Convenience Store,3876167.37033915,-13016678.227245
Jacksons Food Stores 231,9009 Carlton Hills  Boulevard,Santee,92071,Convenience Store,3874249.60861177,-13023954.0691633
Jacksons Food Stores 232,1525 N Magnolia Ave,El Cajon,92020,Convenience Store,3871264.99928501,-13020143.6029934
ExtraMile 233,1484 East Washington  Ave,El Cajon,92019,Convenience Store,3867204.55482264,-13016349.8347472
Jacksons Food Stores 234,902 Broadway,Chula Vista,91911,Convenience Store,3844547.16231613,-13033761.3163022
7-eleven Store 38258b 38258B,9716 Campo Rd,Spring Valley,91977,Convenience Store,3861907.38139264,-13022772.969366
DOLLARTREE 10382,1326 Main St,Ramona,92065,Other,3900390.74379684,-13010308.5259818
Arco Am/pm 42339,1920 Mission Ave,Oceanside,92058,Convenience Store,3922444.75850853,-13065016.4897322
Tyke's Liquor,807 Jamacha Rd,El Cajon,92019,Convenience Store,3866793.80732156,-13016309.7597305
7-eleven 20337,2805 Garnet Ave,San Diego,92109,Convenience Store,3869559.67778044,-13048669.2225092
7-eleven Store 13659A,5202 El Cajon Blvd,San Diego,92115,Convenience Store,3863175.2931096,-13033654.449591
DOLLARTREE 8724,1830 Main Ct,Chula Vista,91911,Other,3841544.15781838,-13028283.2841602
7-eleven Store 13658A,375 W Madison Ave,El Cajon,92020,Convenience Store,3868839.74202901,-13020618.9372191
Wild Willow Farm,2550 Sunset Ave,San Diego,92154,Farmers and Markets,3836816.87750118,-13033134.587569
Sunset Mini Mart,4799 Voltaire St,San Diego,92107,Convenience Store,3862123.52164525,-13051449.9833892
Grocery Outlet Of Oceanside 144,3508 College Blvd,Oceanside,92056,Super Store,3919275.72766143,-13057295.3698508
7-eleven Store 16119f 16119F,5255 Baltimore Dr,La Mesa,91942,Convenience Store,3865472.54749314,-13027341.5212681
Newport Liquor,2957 Beyer Blvd,San Diego,92154,Convenience Store,3838999.10495596,-13031941.2426277
7-Eleven 19548,13801 Mango Dr,Del Mar,92014,Convenience Store,3888558.01166134,-13051889.6953778
7-Eleven 43134,1382 E Palomar St,Chula Vista,91913,Convenience Store,3845382.06025356,-13024224.5755259
Beverage House Liquor 4,1370 E Vista Way,Vista,92084,Convenience Store,3924445.48441136,-13049559.7784355
Kim's Mart,7094 Miramar Rd,San Diego,92121,Convenience Store,3879366.23522491,-13042378.5580845
Shell,4405 Home Ave,San Diego,92105,Convenience Store,3859373.15783677,-13035409.9579608
13th Street Market,1126 13th St,Imperial Beach,91932,Convenience Store,3839144.2840336,-13036190.3075913
Solidarity Farm NAFMNP,14909 Pauma Valley Dr,Pauma Valley,92061,Farmers and Markets,3936695.3720731,-13025138.5085453
Love Linda Vista Farmers Market NAFMNP,6939 Linda Vista Rd,San Diego,92111,Farmers and Markets,3866818.17105482,-13043254.642477
Ucsd-hdh Village Market 0557,9500 Gilman Drive,La Jolla,92093,Convenience Store,3878979.84944992,-13050711.9351653
Santee Mini Market,8781 Cuyamaca St,Santee,92071,Convenience Store,3873497.58898503,-13022529.1796811
Quantum Microgreens NAFMNP,3732 Myrtle Ave,San Diego,92105,Farmers and Markets,3861239.926124,-13036882.714824
G&M 54,8110 Balboa Ave,San Diego,92111,Convenience Store,3871747.03747262,-13040913.5935856
G&M 95,1099 W Main St,El Cajon,92020,Convenience Store,3868082.50612017,-13021615.2466617
G&M 45,3774 Main St,San Diego,92113,Convenience Store,3853433.25227687,-13036914.9974763
G&M 46,850 Palomar Airpt Rd,Carlsbad,92011,Convenience Store,3911534.69335254,-13059980.3959687
G&M 35,1666 1st Ave,San Diego,92101,Convenience Store,3858558.97096028,-13042650.177642
G&M 38,8200 University Ave,La Mesa,91942,Convenience Store,3864509.00438568,-13026773.7918651
Plaza Market,1464 Graves Ave,El Cajon,92021,Convenience Store,3871185.1251197,-13019874.2098257
Major Market,1855 S Centre City Pkwy,Escondido,92025,Super Store,3908676.91452379,-13032604.7067928
Major Market 2,845 S Main Ave,Fallbrook,92028,Super Store,3945229.10356108,-13052534.2352295
G&M 106,1832 W Washington St,San Diego,92103,Convenience Store,3861259.11675531,-13044630.5513832
Renaissance Solutionz NAFMNP,4626 Barrington Ct,Bonita,91902,Farmers and Markets,3851523.68202046,-13027811.2895193
Mi Barrio Market,1001 National City Blvd,National City,91950,Grocery Store,3852117.98433002,-13036159.1381338
7 Eleven 18087,105 W D St,Encinitas,92024,Convenience Store,3901396.81146174,-13057136.1829789
Burger King #780,815 Highland Ave,National City,91950,Restaurant Meals Program,3852598.71133984,-13035316.4495885
Zion Market,7655 Clairemont Mesa Blvd,San Diego,92111,Super Store,3872946.72139558,-13041642.7362503
Cotys Dulceria,2877 Imperial Ave,San Diego,92102,Convenience Store,3856372.99898483,-13039100.1990806
Oceanside Buggy Bath Mini Mart,2946 Oceanside Blvd,Oceanside,92054,Convenience Store,3922209.27637348,-13062099.9190734
Ocean Beach Shell,4794 Voltaire St,San Diego,92107,Convenience Store,3862166.0089582,-13051396.5500336
Little Italy Market & Spirits,412 W Cedar St,San Diego,92101,Convenience Store,3858479.18287534,-13042947.4006824
DOLLARTREE 9177,675 S. Rancho Santa Fe Rd.,San Marcos,92078,Other,3912904.88910581,-13047435.8025512
Lincoln Market,655 E Lincoln Ave,Escondido,92026,Convenience Store,3913287.74321677,-13033212.5112125
G&M 138,5103 Waring Rd,San Diego,92120,Convenience Store,3867551.09278783,-13033524.2057868
G&M 141,130 Knoll Rd,San Marcos,92069,Convenience Store,3913778.55929213,-13043849.0885578
Grocery Outlet Of Point Loma 060,3948 W Point Loma Blvd,San Diego,92110,Super Store,3862774.87823709,-13049026.5580746
La Vaquita De Oro,2945 Main St,Chula Vista,91911,Specialty Store,3841597.14152661,-13032167.221194
G&M 161,7070 Clairemont Mesa Blvd,San Diego,92111,Convenience Store,3873162.53441236,-13042691.3658536
G&M 168,224 N Emerald Dr,Vista,92083,Convenience Store,3920629.54050984,-13055539.861481
G&M 170,1498 Melrose Ave,Chula Vista,91911,Convenience Store,3842968.19394712,-13028781.995479
G&M 172,3302 Palm Ave,San Diego,92154,Convenience Store,3840247.38610252,-13031215.4395477
G&M 174,7737 Balboa Ave,San Diego,92111,Convenience Store,3871624.24103932,-13041796.3571476
G&M 175,6949 Linda Vista Rd,San Diego,92111,Convenience Store,3866932.70775882,-13043304.7362479
G&M 178,8815 Lake Murray Blvd,San Diego,92119,Convenience Store,3869229.23822686,-13025433.5051959
G&M 108,8780 Lake Murray Blvd,San Diego,92119,Convenience Store,3869133.75020744,-13025636.1066692
Bob's Gas,1742 S Coast Hwy,Oceanside,92054,Convenience Store,3918635.45476973,-13064700.3423783
Pala Mini Mart ,11152 Highway 76,Pala,92059,Convenience Store,3943774.32355681,-13033997.3136226
TRADER JOE'S SANTEE 260,9680 Mission Gorge Rd,Santee,92071,Supermarket,3874058.02188029,-13022845.327035
Bread Deluxe Bakery,1420 E Plaza Blvd,National City,91950,Specialty Store,3852250.62864576,-13034534.9867632
Little Italy Mercato Certified Farmers Market,600 W Date St,San Diego,92101,Farmers and Markets,3858599.32832315,-13043123.2854779
DOLLARTREE 11054,8330 Rio San Diego Dr,San Diego,92108,Other,3865551.8533276,-13040564.0503845
Lake Murray Liquor,6001 Lake Murray Blvd,La Mesa,91942,Convenience Store,3867272.2196311,-13026857.2814832
4 Seasons Market,5050 El Cajon Blvd,San Diego,92115,Convenience Store,3863141.00912198,-13033904.9184453
Chris Market,3402 Myrtle Ave,San Diego,92104,Convenience Store,3861084.41698772,-13037823.3645212
88 Ranch Marketplace,4131 Oceanside Blvd,Oceanside,92056,Supermarket,3922599.48749769,-13056398.134755
K & S Halal Market Neighborhood Grocery Store,4973 University Ave,San Diego,92105,Grocery Store,3862060.9160083,-13034100.8407491
Lucky Seafood Supermarket,9326 Mira Mesa Blvd,San Diego,92126,Super Store,3884558.8229839,-13038219.6619084
7-eleven Store 13582e 13582E,290 I St,Chula Vista,91910,Convenience Store,3846391.89364936,-13032744.9693512
Paramount Fish Co. NAFMNP,3 Tuna Ln,San Diego,92101,Farmers and Markets,3857179.49374304,-13043928.1253963
North Park Thursday Certified Farmers Market NAFMNP,2900 N Park Way,San Diego,92104,Farmers and Markets,3861856.42422503,-13038912.0691412
7-Eleven 33542,9187 Clairemont Mesa Blvd,San Diego,92123,Convenience Store,3872862.86142035,-13039030.0678014
National City Liquor,2421 National City Blvd,National City,91950,Convenience Store,3850458.7998438,-13035606.9934595
Denny's #7892,540 W Vista Way,Vista,92083,Restaurant Meals Program,3921342.42383829,-13052509.7449416
Mission West Market,478 W Mission Rd,San Marcos,92069,Grocery Store,3914545.93284265,-13043449.4515859
A Mart Marshall,250 S Marshall Ave,El Cajon,92020,Grocery Store,3867909.69152822,-13021666.4536275
7-eleven Store 24013f 24013F,7607 Broadway,Lemon Grove,91945,Convenience Store,3861150.06144534,-13028165.2855
McDonald's #7673,701 Center Dr,San Marcos,92069,Restaurant Meals Program,3913042.20998628,-13037865.6659277
Grocery Outlet Of San Ysidro 356,444 E San Ysidro Blvd,San Ysidro,92173,Supermarket,3835678.7017361,-13028484.7724386
Grocery Outlet 256,350 N 2nd St,El Cajon,92021,Supermarket,3868671.02173218,-13017328.3330713
Foodshed NAFMNP,3340 Fairmount Ave,San Diego,92105,Specialty Store,3860985.02456291,-13035645.9552813
Costco Business Center 1581,150 S Bent Ave,San Marcos,92078,Super Store,3913589.9143762,-13044849.8507801
G&M OIL # 0094 94,1298 Broadway,El Cajon,92021,Convenience Store,3869851.71725114,-13017269.3337411
G&M OIL # 0112 112,12410 Poway Rd,Poway,92064,Convenience Store,3888953.20319029,-13031293.3631913
7-eleven Store 24133c 24133C,2190 Bacon St,San Diego,92107,Convenience Store,3862434.03992932,-13051885.2425982
Poplar Liquor,4232 Poplar St,San Diego,92105,Convenience Store,3860301.47618225,-13036008.8568213
La Salsa Market,3702 Euclid Ave,San Diego,92105,Convenience Store,3861645.84771971,-13034704.1923892
Nature's Delicacies Microgreens And More Llc 8965,2784 Weeping Willow Rd,Chula Vista,91915,Farmers and Markets,3846811.9780095,-13017499.7650871
7-eleven Store 17637d 17637D,1522 Graves Ave,El Cajon,92021,Convenience Store,3871371.4990154,-13019871.9834359
Spring Creek Liquor,9155 Campo Rd,Spring Valley,91977,Convenience Store,3862253.76361264,-13024358.1589148
Gosen Produce,1605 E 4th St,National City,91950,Grocery Store,3853475.57605064,-13034580.6277544
7-Eleven Store 13661E,9251 Carlton Hills Blvd,Santee,92071,Convenience Store,3874810.60735018,-13024138.859518
Palm Shell & 7-11 & Carwash 39093,1881 Palm Ave,San Diego,92154,Convenience Store,3840153.7175163,-13034746.4937957
Country Wine & Spirits & Deli,1730 Alpine Blvd,Alpine,91901,Convenience Store,3873871.60542146,-12999556.1763661
Aztec Liquor,5225 El Cajon Blvd,San Diego,92115,Convenience Store,3863087.92870464,-13033657.7891757
Sd Best Mini Mart,3120 Market St,San Diego,92102,Grocery Store,3857147.2117261,-13038514.658559
Grocery Outlet Of Casa De Oro 232,9805 Campo Rd,Spring Valley,91977,Supermarket,3861779.65799869,-13022862.0249586
7-eleven Store 36959b 36959B,620 N Ash St,Escondido,92027,Convenience Store,3913048.85673012,-13031957.9405513
7-Eleven 43172,2484 F St,San Diego,92102,Convenience Store,3857406.13186438,-13040041.9619727
7-Eleven 46342,780 W El Norte Pkwy,Escondido,92026,Convenience Store,3914821.27962885,-13035853.0095342
7-Eleven 43123,510 Santa Fe Dr,Encinitas,92024,Convenience Store,3900154.6438312,-13055568.8045486
Campus Shell,102 E Carmel St,San Marcos,92078,Convenience Store,3913362.18853045,-13042566.6880239
7-eleven Store 19223e 19223E,9701 Carmel Mountain Rd,San Diego,92129,Convenience Store,3890254.81602868,-13037445.9914474
7-eleven Store 38476b 38476B,4350 University Ave,San Diego,92105,Convenience Store,3862150.7876291,-13035568.0316377
Valley Liquor,1201 Hotel Cir S,San Diego,92108,Convenience Store,3863339.43404576,-13043750.014211
Mexcandy ,707 E Vista Way,Vista,92084,Convenience Store,3922856.39803789,-13050572.7858018
Party Time Liquor 2,4101 Market St,San Diego,92102,Convenience Store,3857045.20642503,-13036217.0242691
7-eleven Store 36427c 36427C,398 H St,Chula Vista,91910,Convenience Store,3846708.60784969,-13033388.396008
Murray Lake Liquor,5395 Lake Murray Blvd,La Mesa,91942,Convenience Store,3866021.6090159,-13028926.710817
City Sweets 1,1035 Broadway,El Cajon,92021,Specialty Store,3869799.66614824,-13018368.0571153
Saray Butcher Shop,115 Jamacha Rd,El Cajon,92019,Other,3868085.02221342,-13017217.0135805
Rock Liquor,7161 Broadway,Lemon Grove,91945,Convenience Store,3861132.45916581,-13029241.744976
Happy Time Liquor,2567 University Ave,San Diego,92104,Convenience Store,3861940.73529433,-13039574.4201114
ALDI 79095,215 16th Street,Ramona,92065,Supermarket,3900380.65168733,-13010939.7074946
Village Spirit Shop,502 S Main Ave,Fallbrook,92028,Convenience Store,3945637.41849334,-13052330.5205614
Bottles & More Liquor,1535 E 18th St,National City,91950,Convenience Store,3851842.51739322,-13034142.0289607
Cardiff Farmers Market,3333 Manchester Ave,Cardiff by the Sea,92007,Farmers and Markets,3897606.44841113,-13052987.3055571
Quick Corner Market,102 N Coast Hwy,Oceanside,92054,Convenience Store,3921273.91384248,-13066536.0007815
San Mark Oil Inc,5261 Baltimore Dr,La Mesa,91942,Convenience Store,3865467.51642315,-13027386.0490644
Lotto King,1069 6th Ave,San Diego,92101,Convenience Store,3857722.61222678,-13042100.2593575
7-eleven Store 13601a 13601A,201 Oak Ave,Carlsbad,92008,Convenience Store,3916118.72776708,-13063368.9612684
Spotts Liquor,4195 Fairmount Ave,San Diego,92105,Convenience Store,3862566.40315035,-13035560.2392734
Arco Ampm 42998,613 La Presa Ave,Spring Valley,91977,Convenience Store,3856625.81646111,-13023620.1106909
Red Barn Market,1945 E El Norte Pkwy,Escondido,92027,Grocery Store,3915286.89772253,-13031314.5138945
G&M Oil 0012,696 N Mollison Ave,El Cajon,92021,Convenience Store,3869318.1050267,-13018953.5976368
El Cajon Cash N Carry,1198 E Main St,El Cajon,92021,Convenience Store,3868123.95551433,-13017734.6492126
7-eleven Store 18159e 18159E,2985 Via Las Rosas,Oceanside,92054,Convenience Store,3920090.68340295,-13060964.4602673
Windy City Liquor,701 Broadway,El Cajon,92021,Convenience Store,3869715.29881891,-13019161.7650846
Arco Ampm #42652 42652,12610 Sabre Springs Pkwy,San Diego,92128,Convenience Store,3888450.69272987,-13035104.942556
Apex Mobil,1602 E Valley Pkwy,Escondido,92027,Convenience Store,3913140.58218165,-13030986.1213967
Little Sams Market 1,3756 Mission Blvd,San Diego,92109,Convenience Store,3866635.31187399,-13052534.2352295
G&M Oil 0059,1701 E Main St,El Cajon,92021,Convenience Store,3870429.72511967,-13015263.356517
G&M Oil 0180,215 E Via Rancho Pkwy,Escondido,92025,Convenience Store,3904333.44107417,-13031776.4897813
Kabul Green Market 1,375 N 2nd St,El Cajon,92021,Grocery Store,3868655.39469987,-13017210.334411
76_circle K 2654061,8617 Cuyamaca St,Santee,92071,Convenience Store,3873014.41922083,-13022531.4060709
7-eleven Store 13651a 13651A,1296 N 2nd St,El Cajon,92021,Convenience Store,3870526.68064007,-13017278.2393004
Big Ben Market & Deli,108 E 8th St,National City,91950,Grocery Store,3852377.32321127,-13036122.4027019
G&M Oil 159,636 Sycamore Ave,Vista,92083,Convenience Store,3917434.14023538,-13048436.5647734
Thousand Petal Lotus,264 Vista Village Dr,Vista,92083,Other,3921779.43397318,-13052038.8634955
The Habibi Sweets,131 Jamacha Rd,El Cajon,92019,Specialty Store,3868064.23135375,-13017214.7871906
Emerald Oil,5600 Baltimore Dr,La Mesa,91942,Convenience Store,3866303.89511912,-13028076.2299073
Mart Liquor,8695 La Mesa Blvd,La Mesa,91942,Convenience Store,3863994.82922909,-13026812.7536868
Alpine Blvd,2232 Alpine Blvd,Alpine,91901,Convenience Store,3873489.50728753,-12998270.4362474
Christian Book And Nutrition,2721 Burden Way,National City,91950,Other,3853517.50318858,-13033113.4368657
Popeyes #13339,4020 Convoy St,San Diego,92111,Restaurant Meals Program,3870930.40565637,-13041648.3022249
Speedy Mart Valero,1791 N 2nd St,El Cajon,92021,Convenience Store,3871536.81393895,-13017095.6753355
Carl's Jr. #405,845 Morena Blvd,San Diego,92110,Restaurant Meals Program,3864183.20748205,-13046406.0972614
Subway 1048,341 N 2nd St,El Cajon,92021,Restaurant Meals Program,3868615.92991398,-13017152.4482758
Mesa Liquor & Wine Co,4919 Convoy St,San Diego,92111,Convenience Store,3872830.93384598,-13041393.3805909
Momma's Liquor / Helix Liquor,444 W Chase Ave,El Cajon,92020,Convenience Store,3866200.88374041,-13020743.6150488
Jack in The Box 63,1408 3rd Ave,Chula Vista,91911,Restaurant Meals Program,3842696.50787623,-13031634.0008331
Farooqi Rest Mgmt Inc dba Jack in The Box 3058,2525 Otay Center Dr,San Diego,92154,Restaurant Meals Program,3836232.45589429,-13017922.7791521
Sprouts Farmers Market 254,9361 Mission Gorge Rd,Santee,92071,Supermarket,3873898.36865466,-13023650.1669534
Sinclair Oil & Carwash,1450 3rd Ave,Chula Vista,91911,Convenience Store,3842514.94682818,-13031616.1897146
Starshine Market 1,4475 Clairemont Mesa Blvd,San Diego,92117,Convenience Store,3873261.10226382,-13046142.2700682
San Diego Wine & Spirits,2244 San Diego Ave,San Diego,92110,Convenience Store,3861928.69081895,-13045707.0108592
Basaka Petroleum Inc.,9111 Campo Rd,Spring Valley,91977,Convenience Store,3862338.07752334,-13024506.2138376
7-ELEVEN 34169,41 Douglas Dr,Oceanside,92058,Convenience Store,3925590.29855067,-13060682.8219556
Footprint Farm San Diego,210 S Euclid Ave,San Diego,92114,Farmers and Markets,3855931.40823965,-13033901.5788606
La Cresta Liquor,1335 La Cresta Blvd,El Cajon,92021,Convenience Store,3870228.66416785,-13009245.4248448
Lakeside Shell 16,13538 Camino Canada,El Cajon,92021,Convenience Store,3872240.22311196,-13013458.8675713
Fast Snacks,1530 Jamacha Rd,El Cajon,92019,Convenience Store,3864560.50256702,-13016411.0604671
Village Liquors 1,649 Palm Canyon Dr,Borrego Springs,92004,Convenience Store,3929374.85508695,-12955006.1161506
Primo Market,606 Morse St,Oceanside,92054,Supermarket,3919115.45663479,-13064900.7174618
Dollar General 20969,31576 Highway 94,Campo,91906,Other,3846232.61446218,-12965436.752438
Main Street Liquor,120 S Mollison Ave,El Cajon,92020,Convenience Store,3868046.08904123,-13018951.371247
Sweetwater San Diego Gasoline #5,2615 Sweetwater Springs Blvd,Spring Valley,91978,Convenience Store,3859040.4896133,-13020936.1977679
7 Eleven 20321E,9750 Cuyamaca St,Santee,92071,Convenience Store,3876065.73026114,-13022519.1609269
ALDI 79058,123 Fletcher Pkwy,El Cajon,92020,Supermarket,3869783.50783741,-13020249.3565097
Cheers Wine & Spirits 1,2936 Monroe Ave,San Diego,92116,Convenience Store,3863403.50257974,-13038916.5219208
Krisp Foods Gh,2511 C St,San Diego,92102,Grocery Store,3857743.78178464,-13039954.019575
McDonald's #11252,11915 Carmel Mountain Rd,San Diego,92128,Restaurant Meals Program,3892905.18784258,-13032869.6471809
7-eleven Store 13657g 13657G,1666 Greenfield Dr,El Cajon,92021,Convenience Store,3870526.15082632,-13015393.6003213
Grove Liquor,7245 Broadway,Lemon Grove,91945,Convenience Store,3861138.01777756,-13029040.2566976
KFC #C191026,555 N 2nd Street,El Cajon,92021,Restaurant Meals Program,3868948.86853212,-13017225.9191397
Subway 20578,876 Seacoast Dr,Imperial Beach,91932,Restaurant Meals Program,3839757.51683819,-13039060.1240639
Carl's Jr. #331,2903 Burgener Blvd,San Diego,92110,Restaurant Meals Program,3867941.47333183,-13045924.0838662
Carl's Jr. #247,1280 E Valley Pkwy,Escondido,92027,Restaurant Meals Program,3912729.41850282,-13031687.4341887
The Village Store 1145,1145 Rosecrans St,San Diego,92106,Convenience Store,3858438.29665283,-13050159.7904909
Jamul Meat Market,12930 Campo Rd,Jamul,91935,Grocery Store,3859271.66259914,-13014182.4442614
Holiday Liquor & Wine,1717 E Vista Way,Vista,92084,Convenience Store,3925240.44162362,-13049549.7596814
Subway #52578,880 Carlsbad Village Dr,Carlsbad,92008,Restaurant Meals Program,3916816.70767441,-13062788.9867214
D&M Holdings Inc.,9045 Mira Mesa Blvd,San Diego,92126,Restaurant Meals Program,3884131.42333994,-13038830.8059129
Leucadia Farmers Market CFM 0259,185 Union St,Encinitas,92024,Farmers and Markets,3903006.88570159,-13057450.103943
Encinitas Grocery Outlet 552,145 S El Camino Real,Encinitas,92024,Supermarket,3901202.25757356,-13053183.2278609
Canada Steak Burger,3604 University Ave,San Diego,92104,Restaurant Meals Program,3862152.77301874,-13037227.8052455
7-eleven Store 26190e 26190E,1749 S Coast Hwy,Oceanside,92054,Convenience Store,3918601.40717545,-13064761.5680983
Grocery Outlet Of Santee 272,9759 Mission Gorge Rd,Santee,92071,Supermarket,3873752.23154367,-13022659.4234853
Bonita Farmers Market,5080 Bonita Rd,Bonita,91902,Grocery Store,3851633.70636146,-13026750.414772
Vallarta Supermarkets 36 36,901 Euclid Ave,National City,91950,Super Store,3853060.41283479,-13033301.5668052
Go Go's Liquor Inc,1295 N 2nd St,El Cajon,92021,Convenience Store,3870540.85316693,-13017213.6739957
Ob Quik Stop Liquor,4984 Voltaire St,San Diego,92107,Convenience Store,3862448.20272297,-13051778.375887
Palomar Airport Arco,1991 Palomar Airport Rd,Carlsbad,92011,Convenience Store,3911116.40894416,-13055765.8400473
7-Eleven 13628,13835 Mango Dr,Del Mar,92014,Convenience Store,3888596.34956469,-13051919.7516404
Denny's #7375,2642 Jamacha Rd,El Cajon,92019,Restaurant Meals Program,3861432.89265236,-13016767.2828377
Blvd Mart,6937 El Cajon Blvd,San Diego,92115,Convenience Store,3864632.65335386,-13029753.8146336
7-Eleven Store 35885A,2003 Mission Ave,Oceanside,92058,Convenience Store,3922475.7573589,-13064882.9063432
Discount Liquor,4815 El Cajon Blvd,San Diego,92115,Convenience Store,3862989.0488638,-13034496.0249414
New Caney Inc dba Dennys 6488,4235 Spring St,La Mesa,91941,Restaurant Meals Program,3862976.34147452,-13026064.6867087
Street Corner sc170,3789 Miramar St,La Jolla,92037,Grocery Store,3878732.11856602,-13049475.1756225
V Outlet,3020 Clairemont Dr,San Diego,92117,Convenience Store,3868056.15338633,-13045997.5547302
Mission Market,2885 Mission Blvd,San Diego,92109,Convenience Store,3864209.55155362,-13052324.9545868
San Marcos Market,500 S Rancho Santa Fe Rd,San Marcos,92078,Grocery Store,3913510.28294171,-13047275.5024845
Krisp,4976 Newport Ave,San Diego,92107,Supermarket,3861739.28975259,-13052251.4837229
Del Taco 233,3896 Clairmont Dr,San Diego,92117,Restaurant Meals Program,3870285.75029449,-13046792.3758944
Sawaya Brothers Jr Market #2,98 Broadway,Chula Vista,91910,Grocery Store,3848262.82462497,-13035012.5473787
Comstock Market,2145 Comstock St,San Diego,92111,Convenience Store,3866576.65453391,-13043369.3015525
San Marcos Farmers Market,251 North City Dr,San Marcos,92078,Farmers and Markets,3913192.29438447,-13042112.5045015
G&M Oil 0007,802 N Coast Hwy,Oceanside,92054,Convenience Store,3922087.94506407,-13067072.5607271
Speedway 4417,1890 Palm Ave,San Diego,92154,Convenience Store,3840236.8169725,-13034739.8146262
Speedway 5085,700 Avocado Ave,El Cajon,92020,Convenience Store,3867114.6446512,-13019717.2493437
Speedway 5130,7974 University Ave,La Mesa,91942,Convenience Store,3864197.90190667,-13027319.2573699
Speedway 5155,833 Turquoise St,San Diego,92109,Convenience Store,3869903.7685842,-13053176.5486914
Good Old Days Spices,261 E Main St,El Cajon,92020,Super Store,3868081.9764164,-13019849.7195377
7-Eleven 43170,2435 Otay Center Dr,San Diego,92154,Convenience Store,3836335.20635115,-13017947.2694401
7 Eleven 34902,151 N Highland Ave,National City,91950,Convenience Store,3853769.2014071,-13035720.5393401
Mi Angel,1039 Broadway,El Cajon,92021,Grocery Store,3869799.66614824,-13018325.7557088
Papa Johns Pizza 1595,1809 S Centre City Pkwy,Escondido,92025,Restaurant Meals Program,3908842.62346835,-13032783.931173
Burger King 11121,1677 S. Centre City Parkway,Escondido,92025,Restaurant Meals Program,3909050.99218236,-13032858.5152318
Leon Produce,3004 Madison Ave,San Diego,92116,Grocery Store,3863629.73082959,-13038853.069811
JACK IN THE BOX #3010,2905 Alta View Dr,San Diego,92139,Restaurant Meals Program,3852413.55969387,-13028814.2781313
DMSD Foods Inc. dba: Jack in The Box #3007,10330 Mast Blvd,Santee,92071,Restaurant Meals Program,3876130.92822838,-13021286.8541639
McDonald's #12915,7085 Clairemont Mesa Blvd,San Diego,92111,Restaurant Meals Program,3873057.8732161,-13042785.9874208
Black Mountain Farm,680 Rancho Trl,Ramona,92065,Farmers and Markets,3905300.79103676,-13009590.5152662
7 Eleven Store 13598A,4527 Mission Bay Dr,San Diego,92109,Convenience Store,3869235.86017093,-13048461.0550614
Golden State Gasoline 9,7081 Broadway,Lemon Grove,91945,Convenience Store,3861163.29625929,-13029521.1568978
Arco Am/pm 83162,100 La Terraza Blvd,Escondido,92025,Convenience Store,3910823.87130418,-13035093.810607
Canyon Liquor,301 Harbison Canyon Rd,El Cajon,92019,Convenience Store,3871881.3599578,-13005198.9613544
Barons Market,3231 University Ave,San Diego,92104,Supermarket,3861965.48606808,-13038210.7563492
Carl's Jr. #1390,660 Hacienda Dr,Vista,92081,Restaurant Meals Program,3920978.59381187,-13052862.6277274
7-eleven 15944,9365 Jamacha Blvd,Spring Valley,91977,Convenience Store,3856587.45029986,-13024137.7463231
Subway #44359,530 Hacienda Dr,Vista,92081,Restaurant Meals Program,3921045.63878358,-13052445.1796369
Brothers Butcher Shop 1,461 Broadway,El Cajon,92021,Other,3869798.07680521,-13019561.4020566
Bubbles Market,135 Washington St,San Diego,92103,Convenience Store,3862104.85904216,-13042537.7449563
Otay Valley Shell 62,4555 Main St,Chula Vista,91911,Convenience Store,3841588.0246123,-13028251.0015079
Grocery Outlet Oceanside-Mission 483,1527 Mission Ave,Oceanside,92057,Super Store,3921959.03193265,-13065256.9398323
Kupanda African And Caribbean Market,4575 El Cajon Blvd,San Diego,92115,Other,3862865.81423924,-13035048.1696157
American's Market,2115 E Valley Pkwy,Escondido,92027,Convenience Store,3913703.0477828,-13029896.3035818
CVS Pharmacy 11445,501 Mission Ave,Oceanside,92054,Other,3921322.73548756,-13066590.547332
Mother Earth Nutrition,1655 Broadway,Chula Vista,91911,Grocery Store,3842017.98064739,-13032819.55341
Hilltop Arco ,1401 Hilltop Dr,Chula Vista,91911,Convenience Store,3842895.11823815,-13030121.1689532
Keg 'n Bottle,677 H St,Chula Vista,91910,Convenience Store,3846322.36570719,-13034664.1173725
Fuelthycells Seamoss,6186 University Ave,San Diego,92115,Restaurant Meals Program,3862627.42309571,-13031353.4757163
Sycamore Mobil 9762576,710 Sycamore Ave,Vista,92083,Convenience Store,3917163.78505988,-13048616.9023485
Summit Pizza West LLC Pizza Hut #030290,1528 Sweetwater Rd,National City,91950,Restaurant Meals Program,3850365.05037734,-13033636.6384725
Arco AM PM 83753,9065 Campo Rd,Spring Valley,91977,Convenience Store,3862359.78481302,-13024586.363871
Alpine Discount Liquor,2223 Alpine Blvd,Alpine,91901,Convenience Store,3873480.89564875,-12998351.6994757
MZM Foods Inc. dba: Jack in The Box #3053,9215 Clairemont Mesa Blvd,San Diego,92123,Restaurant Meals Program,3872931.08868504,-13038888.6920481
SUBWAY 15681,642 Palomar St,Chula Vista,91911,Restaurant Meals Program,3842700.47212232,-13033401.7543469
Greenfield Mobil,1761 Greenfield Dr,El Cajon,92021,Convenience Store,3870258.46547552,-13014975.0390359
Jack in the Box 69,16725 Bernardo Center Dr,San Diego,92128,Restaurant Meals Program,3897649.99356887,-13032759.440885
7-eleven 39199,1999 Sweetwater Rd,National City,91950,Convenience Store,3850489.08015477,-13033214.7376024
AMPM 42641,3296 El Cajon Blvd,San Diego,92104,Convenience Store,3862876.93309986,-13038021.5132148
Summit Pizza West LLC Pizza Hut #31292,9805 Campo Rd,Spring Valley,91977,Restaurant Meals Program,3861779.65799869,-13022862.0249586
Pizza Hut #027215,251 Palomar St,Chula Vista,91911,Restaurant Meals Program,3843344.28330299,-13031585.0202571
Tony's Giant Pizzeria & Grill,4973 Diane Ave,San Diego,92117,Restaurant Meals Program,3873501.1661316,-13045184.9224474
Baja Giant Pizza,750 Beyer Way  Suite G,San Diego,92154,Restaurant Meals Program,3839926.3529858,-13031317.8534792
WKS FROSTY CORPORATION WENDYS 37850,567 WEST VISTA WAY,VISTA,92083,Restaurant Meals Program,3921367.30038309,-13052668.9318134
McDonald's #27840,5565 Mission Rd,Bonsall,92028,Restaurant Meals Program,3933825.28748288,-13049582.0423337
Little Kids Nutrition & Fish Market,1078 E Vista Way,Vista,92084,Grocery Store,3923778.58193271,-13049790.2097815
Bisher's Quality Meats,2330 Main St,Ramona,92065,Specialty Store,3898986.5635351,-13012048.4496229
7-Eleven 21798,1498 Jamacha Rd,El Cajon,92019,Convenience Store,3864725.05996091,-13016357.6271115
Coronado Shell,2485 Coronado Ave,San Diego,92154,Convenience Store,3839217.86500985,-13033296.0008306
San Marcos Arco Am/pm,125 N Rancho Santa Fe Rd,San Marcos,92069,Convenience Store,3915356.43622897,-13046361.5694651
Carl's Jr. #577,1288 Auto Park Way,Escondido,92029,Restaurant Meals Program,3910455.31887015,-13035573.5976123
McDONALD'S #4912,4350 Palm Ave,San Diego,92154,Restaurant Meals Program,3840239.32714003,-13028799.8065975
7-Eleven 13571H,2840 Bancroft Dr,Spring Valley,91977,Convenience Store,3860365.52821082,-13025137.3953504
Yoshinoya Beef Bowl #1267 Spring Valley,1025 Sweetwater Rd,Spring Valley,91977,Restaurant Meals Program,3857363.6616924,-13025832.028973
M & M Market,8555 Station Village Ln,San Diego,92108,Convenience Store,3865354.45031161,-13040356.9961317
Steele Canyon Circle K 2658168,12868 Campo Rd,Spring Valley,91978,Convenience Store,3859237.25763202,-13014358.3290569
Moonlite Market,101 S Meadowbrook Dr,San Diego,92114,Convenience Store,3855850.71189582,-13027750.0637993
Dollar House And Market,645 N Broadway,Escondido,92025,Convenience Store,3912326.77661528,-13033781.3538105
Seven Days Food Market,3365 Mission Ave,Oceanside,92058,Convenience Store,3924214.08674559,-13062327.0108346
SUBWAY 35807,611 K Street,San Diego,92101,Restaurant Meals Program,3856650.55608639,-13042090.2406033
Jack in The Box #55,815 E Vista Way,Vista,92083,Restaurant Meals Program,3923158.81734458,-13050485.9565989
Imperial Market,2765 Imperial Ave,San Diego,92102,Convenience Store,3856371.01456765,-13039328.4040367
Summit Pizza West LLC Pizza Hut 027201,1762 N Second St,El Cajon,92021,Restaurant Meals Program,3871497.33949134,-13017173.5989791
Teriyaki Madness,2511 Coronado Ave,San Diego,92154,Restaurant Meals Program,3839168.45870249,-13033212.5112125
JACK IN THE BOX #14,6080 Mission Gorge Rd,San Diego,92120,Restaurant Meals Program,3866756.4673499,-13035298.63847
Jack in the Box #6,486 Broadway,Chula Vista,91910,Restaurant Meals Program,3846474.11162926,-13034398.0637895
Jack in The Box #3032,3281 Business Park Dr,Vista,92081,Restaurant Meals Program,3912822.73663139,-13049877.0389843
AM PM 83007,1403 S Santa Fe Ave,Vista,92083,Convenience Store,3919847.53412176,-13049222.4803784
7 Eleven 39094A,13012 Pomerado Rd,Poway,92064,Convenience Store,3888934.4979536,-13031343.4569621
Arco Am/pm,1245 W Main St,El Cajon,92020,Convenience Store,3868117.86390094,-13022020.4496082
SUBWAY 20100,2260 Callagan Hwy,San Diego,92136,Restaurant Meals Program,3854326.71288226,-13038583.6766433
Jack in the Box 3082,1004 S Santa Fe Ave,Vista,92084,Restaurant Meals Program,3920921.79212385,-13050057.3765594
City Liquor House,1801 5th Ave,San Diego,92101,Convenience Store,3858804.68989493,-13042192.6545348
Farooqi Food Management Inc dba Dennys 7856,6908 Miramar Rd,San Diego,92121,Restaurant Meals Program,3879216.5837893,-13043010.8527922
MZM Foods Inc. dba: Jack in The Box #3018,4375 Genesee Avenue,San Diego,92117,Restaurant Meals Program,3871829.43234583,-13044816.4549328
WKS Frosty Corp dba Wendys 38350,102 Encinitas Blvd,Encinitas,92024,Restaurant Meals Program,3901907.97904378,-13056580.6987199
El Toro Taco Shop,470 S Meadowbrook Dr,San Diego,92114,Restaurant Meals Program,3855284.00098069,-13027359.3323866
Pine Valley Store,28820 Old Highway 80,Pine Valley,91962,Convenience Store,3871770.74912138,-12972125.9406397
7-eleven Store 26909b,4210 Beyer Blvd,San Ysidro,92173,Convenience Store,3836825.85866821,-13029298.5179163
SUBWAY 24150,4415 Imperial Ave. #B,San Diego,92113,Restaurant Meals Program,3856018.7196592,-13035668.2191794
Mex Mart,1740 S 43rd St,San Diego,92113,Grocery Store,3853977.65338817,-13035787.3310346
McDonald's NSN 849,1630 Highland Ave,National City,91950,Restaurant Meals Program,3851638.73153611,-13035073.7730986
WKS Frosty Corp dba Wendys 4033,8749 Campo Rd,La Mesa,91941,Restaurant Meals Program,3862487.64685478,-13025463.5614584
La Favorita Market ,1021 N Santa Fe Ave,Vista,92084,Grocery Store,3923646.05757791,-13051594.6987272
M & N Lincoln Wings LLC,6969 Broadway,Lemon Grove,91945,Restaurant Meals Program,3861094.07834666,-13029672.5514053
Mr As Liquor,254 Vista Village Dr,Vista,92083,Convenience Store,3921695.22343911,-13052049.9954446
Alrafidain Market,1221 Broadway,El Cajon,92021,Grocery Store,3869754.23751116,-13017635.5748658
Bilkheyr Coffee,6187 University Ave,San Diego,92115,Convenience Store,3862574.47735492,-13031317.8534792
Denny's #8885,2110 Birch Rd,Chula Vista,91915,Restaurant Meals Program,3845134.90212131,-13020170.3196712
Carl's Jr. #220,120 Knoll Rd,San Marcos,92069,Restaurant Meals Program,3913722.85621243,-13043879.1448204
Quick Korner Market & Deli,981 Greenfield Dr,El Cajon,92021,Convenience Store,3870546.41621952,-13018606.2808256
Sprouts Farmers Market 239,2618 El Camino Real,Carlsbad,92008,Supermarket,3918662.32051979,-13060641.633744
Crest Foods,1103 La Cresta Blvd,El Cajon,92021,Convenience Store,3870731.85281042,-13009053.9553206
Primo Foods East 1,868 E Vista Way,Vista,92084,Grocery Store,3923335.50942594,-13050384.6558623
Subway 44346,220 W Main St,El Cajon,92020,Restaurant Meals Program,3868150.70568004,-13020426.3545
Carl's Jr. #214,16685 Bernardo Center Dr,San Diego,92128,Restaurant Meals Program,3897585.20692956,-13032783.931173
Ackee Tree the Real Jamaican Cuisine,5712 El Cajon Blvd,San Diego,92115,Restaurant Meals Program,3863320.24002795,-13032553.499827
Attisha Fuel,4067 El Cajon Blvd,San Diego,92105,Convenience Store,3862839.07606973,-13036347.2680733
Sprouts Farmers Market 247,3243 Camino de Los Coches,Carlsbad,92009,Supermarket,3905408.79593929,-13050949.0456806
7-ELEVEN 13610 13610,6953 La Jolla Blvd,La Jolla,92037,Convenience Store,3873123.05450996,-13055201.4502289
Carl's Jr. #585,700 13th St,Imperial Beach,91932,Restaurant Meals Program,3840142.09156575,-13036175.8360575
Popeye's Louisiana Kitchen 14266,3194 Midway Dr,San Diego,92110,Restaurant Meals Program,3862262.8964875,-13047649.5359735
QSC Foods dba Jack in the Box 60,9380 Mira Mesa Blvd,San Diego,92126,Restaurant Meals Program,3884362.02890922,-13038117.2479769
7-Eleven 19006E,9111 Mission Gorge Rd,Santee,92071,Convenience Store,3873848.2870105,-13024421.6110246
Mother's Nutritional Center 246,542 Broadway,Chula Vista,91910,Supermarket,3846188.20172682,-13034363.5547473
Fruiteria Don Chamango Produce,4948 EL Cajon Blvd,San Diego,92115,Restaurant Meals Program,3863047.55597867,-13034184.3303672
7-Eleven 21800D,631 S Main Ave,Fallbrook,92028,Convenience Store,3945416.26278313,-13052372.8219679
Teriyaki Madness,2535 Otay Center Drive  Suite C,San Diego,92154,Restaurant Meals Program,3836250.54941912,-13017847.0818984
KFC #C191019,12061 Woodside Ave,Lakeside,92040,Restaurant Meals Program,3876152.26341407,-13016825.1689729
Stan's Liquor,9907 Campo Rd,Spring Valley,91977,Convenience Store,3861852.85061375,-13022492.4442492
Motherland African Caribbean Plaza,4298 University Ave,San Diego,92105,Other,3862150.25819192,-13035765.0671364
SUBWAY 6192,336 Euclid Ave.  Suite 504,San Diego,92114,Restaurant Meals Program,3856669.73925398,-13034080.8032407
7-Eleven 16070,394 W Chase Ave,El Cajon,92020,Convenience Store,3866195.85235938,-13020641.2011173
Cherokee Market,4600 Cherokee Ave,San Diego,92116,Convenience Store,3863632.24597205,-13037108.6933903
Ballards Liquor,1183 E Main St,El Cajon,92021,Convenience Store,3868061.71526495,-13017922.7791521
Otay Center Drive Inc. 42889,2510 Otay Center Dr,San Diego,92154,Convenience Store,3836136.70594895,-13018011.8347447
Rocket 0037,535 S Santa Fe Ave,Vista,92083,Convenience Store,3921434.87971412,-13050992.460282
My Market No,4111 Home Ave,San Diego,92105,Grocery Store,3858595.75569857,-13036270.4576246
Pola Market,3276 Monroe Ave,San Diego,92116,Convenience Store,3863396.48679355,-13038111.6820024
Soapy Joe's Mission Gorge,4282 Camino del Rio N,San Diego,92108,Convenience Store,3866178.63975633,-13035787.3310346
Wing Stop #1277,791 Palm Ave,Imperial Beach,91932,Restaurant Meals Program,3840122.93519484,-13037320.2004228
Burger King 3584,244 W. Mission Avenue,Escondido,92024,Restaurant Meals Program,3912518.45847532,-13034305.6686121
7-Eleven 34184,1469 State St,San Diego,92101,Convenience Store,3858293.40972338,-13042892.8541319
7 Eleven 19526B,3792 4th Ave,San Diego,92103,Convenience Store,3861747.89280984,-13042371.878915
SUBWAY 48461,4378 Bonita Rd,Bonita,91902,Restaurant Meals Program,3850286.37544694,-13028002.7590434
Subway #50949,197 Woodland Pkwy,San Marcos,92069,Restaurant Meals Program,3914050.96314704,-13039848.2660587
Los Pinos Taco Shop,5646 Lake Murray Blvd,La Mesa,91942,Restaurant Meals Program,3866455.50090742,-13027994.9666791
Jack in The Box #66,1465 Mission Rd,Fallbrook,92028,Restaurant Meals Program,3946816.85355482,-13050231.034965
Summit Pizza West LLC Pizza Hut #027197,3509 Cannon Rd,Oceanside,92056,Restaurant Meals Program,3918113.84589469,-13052592.1213647
McDonald's #4108,2705 Via de la Valle,Del Mar,92014,Restaurant Meals Program,3892690.6040511,-13052157.9753507
Jack in The Box #32,495 N 2nd St,El Cajon,92021,Restaurant Meals Program,3868785.70889214,-13017171.3725892
Jack in the Box 3068,1900 Mission Ave,Oceanside,92054,Restaurant Meals Program,3922381.29760011,-13065133.3751975
El Paisano La Familia,3820 University Ave,San Diego,92105,Grocery Store,3862189.171888,-13036794.7724263
OTAY MESA ARCO 81755,4604 Palm Ave,San Diego,92154,Convenience Store,3840201.54256932,-13028273.265406
Subway 4583,13465 Camino Canada,El Cajon,92021,Restaurant Meals Program,3872039.13122555,-13013646.9975107
Arco AM/PM,201 Broadway,El Cajon,92021,Convenience Store,3869791.58699005,-13019925.4167915
El Cajon Tobacco Outlet,1246 E Main St,El Cajon,92021,Convenience Store,3868183.54755074,-13017540.9532987
G T M Discount General Stores,8967 Carlton Hills Blvd,Santee,92071,Super Store,3874168.25674151,-13023878.3719095
7-Eleven Store 20551e 20551E,1602 University Ave,San Diego,92103,Convenience Store,3861999.89899493,-13041000.4227884
Garcia's Puebla Mercado,1365 E Main St,El Cajon,92021,Grocery Store,3868473.43400287,-13016866.3571845
7-Eleven Store 36766A,222 Park Blvd,San Diego,92101,Convenience Store,3856558.74190905,-13041607.1140133
Giant Pizza King #10,9614 Carlton Hills Blvd,Santee,92071,Restaurant Meals Program,3875754.3221939,-13024371.5172537
Popeyes #2614,2210 E Plaza Blvd,National City,91950,Restaurant Meals Program,3852614.84612073,-13033577.6391423
Subway 4462,5608 Mission Center Road,San Diego,92108,Restaurant Meals Program,3865455.33594681,-13041729.5654531
7-Eleven 21794,6991 El Cajon Blvd,San Diego,92115,Convenience Store,3864587.77418865,-13029662.5326511
7-Eleven Store 21142C,1531 W Mission Rd,San Marcos,92069,Convenience Store,3915383.29442466,-13045927.423451
Potrero General Store,25125 Highway 94,Potrero,91963,Grocery Store,3842890.49320846,-12980819.9928707
Market Corner 1,1040 Park Blvd,San Diego,92101,Convenience Store,3857725.12610979,-13041534.7563442
DMSD Restaurants Inc. dba: Denny's #8745,130 E Calle Primera,San Ysidro,92173,Restaurant Meals Program,3835706.96330617,-13029237.2921963
Carl's Jr. #491,3833 Convoy St,San Diego,92111,Restaurant Meals Program,3870554.49589582,-13041332.154871
7 Eleven 13620,592 Santa Fe Dr,Encinitas,92024,Convenience Store,3900123.70420006,-13055497.5600745
KFC #C191007,6745 Mira Mesa Blvd,San Diego,92121,Restaurant Meals Program,3882955.78992406,-13043618.6572119
7 Eleven 33694,5102 Waring Rd,San Diego,92120,Convenience Store,3867573.33936393,-13033577.6391423
Trolleyside Deli,530 W 21st St,National City,91950,Convenience Store,3850662.1686617,-13036387.34309
Summit Pizza West LLC Pizza Hut 27196,610 N Redondo Dr,Oceanside,92057,Restaurant Meals Program,3929279.93995886,-13057794.0811695
Four Js Ent Inc dba Little Caesars Pizza 1465-001,4370 Palm Ave,San Diego,92154,Restaurant Meals Program,3840319.91701177,-13028738.5808776
Vista Chervon 373475,1590 S Melrose Dr,Vista,92081,Convenience Store,3917533.48038201,-13051907.5064964
Jack in the Box #64,721 E San Ysidro Blvd,San Ysidro,92173,Restaurant Meals Program,3835104.90078369,-13027714.4415623
Cali BBQ,8910 Troy St,Spring Valley,91977,Restaurant Meals Program,3860487.8103222,-13025249.8280361
SUBWAY 27087,416 W San Ysidro Blvd,San Ysidro,92173,Restaurant Meals Program,3836371.92202603,-13030210.2245459
Carl's Jr. #252,2608 El Camino Real,Carlsbad,92008,Restaurant Meals Program,3918726.29317392,-13060667.2372269
Dollar Tree 7751,13439 Camino Canada,El Cajon,92021,Other,3872088.14540021,-13013512.3009269
Oceanside Liquor,1910 Oceanside Blvd,Oceanside,92054,Convenience Store,3921050.16167255,-13064000.1427812
7-Eleven 17043,711 Oceanside Blvd,Oceanside,92054,Convenience Store,3919835.96204503,-13065289.2224846
Express Market,2543 University Ave,San Diego,92104,Convenience Store,3861945.76485913,-13039625.6270771
Carl's Jr. #1470,611 Douglas Dr,Oceanside,92058,Restaurant Meals Program,3927773.91490708,-13060357.7690425
Jack in The Box 3003,2461 Jamacha Rd,El Cajon,92019,Restaurant Meals Program,3861449.03951464,-13016443.3431194
7 Eleven 39310,1089 Carlsbad Village Dr,Carlsbad,92008,Convenience Store,3916917.63830849,-13062549.6498162
Subway 50755,2411 E Valley Pkwy,Escondido,92027,Restaurant Meals Program,3913945.9360172,-13029183.8588407
SUBWAY 12321,9805 Campo Rd. #155,Spring Valley,91977,Restaurant Meals Program,3861779.65799869,-13022862.0249586
WKS FROSTY CORPORATION WENDYS 10827,6585 MISSION GEORGE ROAD,SAN DIEGO,92120,Restaurant Meals Program,3867831.42920249,-13035195.1113436
JACK IN THE BOX INC #3074,1132 30th St,San Diego,92154,Restaurant Meals Program,3839087.3482597,-13032170.5607787
7-eleven 25807,1075 Elkelton Blvd,Spring Valley,91977,Convenience Store,3857447.01451074,-13026322.9479273
7-Eleven 13570,285 Broadway,Chula Vista,91910,Convenience Store,3847371.67305487,-13034649.6458387
Eagle Gas,8445 Los Coches Rd,El Cajon,92021,Convenience Store,3872425.15649708,-13013699.3176714
Carl's Jr. #648,1790 University Dr,Vista,92083,Restaurant Meals Program,3918010.91003186,-13048343.0564012
7 Eleven Store 20100,4101 W Point Loma Blvd,San Diego,92110,Convenience Store,3862608.2302372,-13049267.0081748
Subway 52834,1838 Coronado Ave,San Diego,92154,Restaurant Meals Program,3839273.74458441,-13034870.0584305
MZM Fds Inc dba Jack in The Box 33,220 W Washington St,San Diego,92103,Restaurant Meals Program,3862187.18649224,-13042788.2138106
MZM Fds Inc dba Jack in The Box 95,13245 Black Mountain Rd,San Diego,92129,Restaurant Meals Program,3889797.35780409,-13038460.1120085
D&M Holdings Inc.,1561 Euclid Ave,San Diego,92105,Restaurant Meals Program,3858351.49659834,-13033793.5989545
DMSD Foods Inc dba Jack in The Box J3078,2015 Birch Rd,Chula Vista,91915,Restaurant Meals Program,3845470.2189757,-13020695.7476678
7-Eleven 25165B,3385 Sandrock Rd,San Diego,92123,Convenience Store,3869415.71359628,-13039972.9438884
SUBWAY 47113,7582 Broadway,Lemon Grove,91945,Restaurant Meals Program,3861247.60237278,-13028247.6619232
A-Mart San Ysidro,725 E San Ysidro Blvd,San Diego,92173,Convenience Store,3835068.71725862,-13027693.290859
Pizza Hut #027219,1711 E Valley Pkwy,Escondido,92027,Restaurant Meals Program,3913180.19716482,-13030730.0865679
La Central Market,2001 National Ave,San Diego,92113,Restaurant Meals Program,3855454.1172263,-13040342.5245979
KRIST LIQUOR MARKET,7152 Linda Vista Rd,San Diego,92111,Grocery Store,3867406.62348581,-13043116.6063084
Rally's Hamburgers (4007),1545 Palm Ave,San Diego,92154,Restaurant Meals Program,3840150.15046208,-13035475.6364604
Subway #45595,1461 N Santa Fe Ave,Vista,92084,Restaurant Meals Program,3924665.84207046,-13051448.8701943
Mother & Baby Nutrition,560 N 2nd St,El Cajon,92021,Grocery Store,3868976.68005994,-13017240.3906735
7-eleven 33564A,9660 Via de la Amistad,San Diego,92154,Convenience Store,3836113.06573668,-13017361.7289185
JACK IN THE BOX INC #38,1430 E Valley Pkwy,Escondido,92027,Restaurant Meals Program,3912923.63271256,-13031393.550733
Beshay Foods Inc dba Jack in the Box 3019,1471 N Santa Fe Ave,Vista,92084,Restaurant Meals Program,3924665.84207046,-13051601.3778967
PGC Fds dba Jack in The Box J20,9337 Mission Gorge Rd,Santee,92071,Restaurant Meals Program,3873870.54549269,-13023750.3544951
Popeyes Louisiana Kitchen 13761,1801 Main St,Ramona,92065,Restaurant Meals Program,3899971.79578189,-13011173.4784253
Subway Jafari A&A Inc,12030 Scripps Summit Dr,San Diego,92131,Restaurant Meals Program,3887071.28749668,-13035693.8226623
Clover Leaf Market,3070 Reynard Way,San Diego,92103,Convenience Store,3860506.47036627,-13043298.0570784
Mira Mesa Chevron Gas Station,6795 Mira Mesa Blvd,San Diego,92121,Convenience Store,3883021.02613946,-13043495.0925771
Tropical Star Restaurant And Specialty Market,6163 Balboa Ave,San Diego,92111,Convenience Store,3871385.14270722,-13043824.5982699
Sprouts Farmers Market 231,659 Lomas Santa Fe Dr,Solana Beach,92075,Supermarket,3894768.26414992,-13053297.8869364
G&k Gas Liquor Mart,2405 University Ave,San Diego,92104,Convenience Store,3861959.00056619,-13039808.191042
Arco/ampm 42696,1518 N Magnolia Ave,El Cajon,92020,Convenience Store,3871267.91344391,-13020233.771781
7 Eleven Store 13575C,10049 Campo Rd,Spring Valley,91977,Convenience Store,3861826.11474147,-13021968.1294475
Ucsd Hdh John's Market,2948 Scholars Drive,La Jolla,92093,Convenience Store,3878708.92305779,-13051477.8132619
J S Foods Burger King #4583,1220 S 28th St,San Diego,92113,Restaurant Meals Program,3854683.9837765,-13039318.3852826
Encanto Farms Market,623 69th St,San Diego,92114,Grocery Store,3857093.23215734,-13029826.1723026
7-eleven Store 21604D,899 Broadway,Chula Vista,91911,Convenience Store,3844641.92297763,-13033751.297548
Arco Ampm #42367,607 Douglas Dr,Oceanside,92058,Convenience Store,3927728.65996817,-13060380.0329406
SUBWAY 42788,1080 Park Blvd,San Diego,92101,Restaurant Meals Program,3857725.12610979,-13041534.7563442
Highland Smoke Shop,7785 Broadway,Lemon Grove,91945,Convenience Store,3861185.00138631,-13027855.8173156
7-ELEVEN 18322,657 Palm Ave,Imperial Beach,91932,Convenience Store,3840201.54256932,-13037608.517904
7-ELEVEN 15923,1501 N Santa Fe Ave,Vista,92084,Convenience Store,3924714.01259737,-13051660.3772268
J&G C Store,685 H St,Chula Vista,91910,Convenience Store,3846299.23387787,-13034716.4375332
Big B Market,1540 Coolidge Ave,National City,91950,Convenience Store,3851338.01826812,-13036363.9659969
7-eleven Store 13666g 2111,11610 Riverside Dr,Lakeside,92040,Convenience Store,3877064.14689164,-13017984.004872
Main Street Market 2,289 El Cajon Blvd,El Cajon,92020,Convenience Store,3867858.70839742,-13020989.6311234
Mesa Food & Liquor,8360 Paradise Valley Rd,Spring Valley,91977,Convenience Store,3855222.48987784,-13026516.6438413
Grocery Outlet Escondido 246 246,1516 E Valley Pkwy,Escondido,92027,Supermarket,3913080.22941212,-13031218.7791324
7-Eleven 36812,7006 University Ave,La Mesa,91942,Convenience Store,3862853.63645155,-13029628.023609
Wendy's #47810,960 W El Norte Pkwy,Escondido,92026,Restaurant Meals Program,3914897.86202448,-13036181.402032
Jack in The Box #3033,14039 Highway 8 Business,El Cajon,92021,Restaurant Meals Program,3874739.45416248,-13011330.4389073
Preferred Liquor,9181 Mission Gorge Rd,Santee,92071,Convenience Store,3873873.59278817,-13024171.1421703
Carl's Jr. #2588,4463 Camino de la Plz,San Ysidro,92173,Restaurant Meals Program,3834803.15469306,-13028515.941896
Carl's Jr. #652,614 Dennery Rd,San Diego,92154,Restaurant Meals Program,3840043.27144676,-13028053.9660092
KFC #C191001,12305 Alemania Rd,San Diego,92129,Restaurant Meals Program,3886978.70509072,-13036893.8467731
7-Eleven 29370D,2509 Coronado Ave,San Diego,92154,Convenience Store,3839168.45870249,-13033212.5112125
Denny's #7096,13584 Camino Canada,El Cajon,92021,Restaurant Meals Program,3872367.00019803,-13013428.8113088
Ongs Rest Group Inc dba Rallys Hamburgers 3430,931 S 30th St,San Diego,92113,Restaurant Meals Program,3855055.41940281,-13038769.5801929
North Park Produce,3551 El Cajon Blvd,San Diego,92104,Other,3862849.66543654,-13037352.4830751
KFC & Taco Bell #C191027,8330 Paradise Valley Rd,Spring Valley,91977,Restaurant Meals Program,3855218.38914904,-13026564.5112224
Sawaya Brother Jr Market,183 Broadway,Chula Vista,91910,Grocery Store,3847896.22944384,-13034819.9646596
Sun Valley Fuel,550 N Escondido Blvd,Escondido,92025,Convenience Store,3911947.01124284,-13034137.576181
7 Eleven Store  2112 34996A,902 S Santa Fe Ave,Vista,92084,Convenience Store,3921053.75337975,-13050436.976023
7-Eleven Store 18824 C,4205 Voltaire St,San Diego,92107,Convenience Store,3861339.45304746,-13050575.0121916
Robeks Juice #327,8250 Mira Mesa Blvd,San Diego,92126,Restaurant Meals Program,3883874.964503,-13040634.1816637
Jack in The Box #3064,1700 E Main St,El Cajon,92021,Restaurant Meals Program,3870465.61976158,-13015326.8086268
Del Taco 1252,1650 S. Melrose Dr.,Vista,92081,Restaurant Meals Program,3917429.08681012,-13051812.8849292
Escondido Arco Ampm,300 W Washington Ave,Escondido,92025,Convenience Store,3912020.51754161,-13034223.2921889
WKS Frosty Corp dba Wendys 29790,4770 Convoy St,San Diego,92111,Restaurant Meals Program,3872590.88365501,-13041498.0209123
Giant Pizza King,1029 Enkelton Blvd,Spring Valley,91977,Restaurant Meals Program,3857318.81018139,-13026214.9680213
Sprouts Farmers Market 225,4630 Palm Ave,La Mesa,91941,Supermarket,3863880.18870211,-13026367.4757237
Carl's Jr. #418,2935 Jamacha Rd,El Cajon,92019,Restaurant Meals Program,3860799.21194369,-13017711.2721196
7-eleven Store 25629b,11205 Camino Ruiz,San Diego,92126,Convenience Store,3885405.1812073,-13040400.4107331
WKS Frosty Corp dba Wendys 55500,1530 W Valley Pkwy,Escondido,92029,Restaurant Meals Program,3909858.05737242,-13036022.2151602
7 Eleven 13649 E,5746 Amaya Dr,La Mesa,91942,Convenience Store,3866855.51122209,-13024036.4455865
Ibis Food Market,1112 Fort Stockton Dr,San Diego,92103,Convenience Store,3862279.57392942,-13043694.3544656
La Tiendita,3851 Clairemont Mesa Blvd,San Diego,92117,Grocery Store,3872452.97624064,-13047234.3142729
Shamoun Shell,1145 S 28th St,San Diego,92113,Convenience Store,3854772.87329023,-13039271.6310964
WKS Frosty Corp dba Wendys 56160,8310 Rio San Diego Dr,San Diego,92108,Restaurant Meals Program,3865418.00021735,-13040689.8414091
Marco's Pizza #7026,357 W Mission Ave,Escondido,92025,Restaurant Meals Program,3912429.66232627,-13034355.762383
KFC #C191030,1327 Broadway,Chula Vista,91911,Restaurant Meals Program,3842705.4935026,-13033080.0410185
7-eleven Store 17825f,191 W San Ysidro Blvd,San Ysidro,92173,Convenience Store,3836223.87138487,-13029713.7396169
Fresh Garden Market,4291 Market St,San Diego,92102,Grocery Store,3857065.44865201,-13035810.7081277
Casita Nutrition 1,1825 W Vista Way,Vista,92083,Grocery Store,3920392.49884081,-13055568.8045486
Carl's Jr. #564,4186 Oceanside Blvd,Oceanside,92056,Restaurant Meals Program,3922981.7287994,-13056155.458265
Heritage Family Farm,350 Skyline Cir,Fallbrook,92028,Farmers and Markets,3944494.89270929,-13042254.9934497
MCDONALD'S #5416,12808 Rancho Penasquitos Blvd,San Diego,92129,Restaurant Meals Program,3888755.8047497,-13036387.34309
7-eleven 2111 36659,9613 Carlton Hills Blvd,Santee,92071,Convenience Store,3875734.18033909,-13024242.3866444
7-Eleven 16498G,103 Worthington St,Spring Valley,91977,Convenience Store,3855242.59669771,-13026456.5313163
SUBWAY 45836,1364 3RD Ave,Chula Vista,91911,Restaurant Meals Program,3842879.39314457,-13031754.2258832
Wing Stop #1204,225 Jamacha Rd,El Cajon,92019,Restaurant Meals Program,3868178.91260376,-13017119.0524286
H St. Arco,720 H St,Chula Vista,91910,Convenience Store,3846235.65462575,-13034884.5299643
Vine Ripe Market,8191 Fletcher Pkwy,La Mesa,91942,Super Store,3865644.26714373,-13026589.0015103
Bambinos Pizza & Deli 3,6230 Federal Blvd,San Diego,92114,Restaurant Meals Program,3859441.30701958,-13031416.927826
Cottage Liquor,3747 Park Blvd,San Diego,92103,Convenience Store,3861643.33300101,-13040705.4261378
7 Eleven 21793,850 W Mission Ave,Escondido,92025,Convenience Store,3912133.10403601,-13035195.1113436
SUPER MERCADO MURPHY'S,4580 University Ave,San Diego,92105,Supermarket,3862117.03605643,-13035044.830031
7 Eleven Store 2112-39526,1766 N Coast Highway 101,Encinitas,92024,Convenience Store,3905807.08094748,-13058613.3926218
McDonald's #11251,2320 Roll Dr,San Diego,92154,Restaurant Meals Program,3836509.01249349,-13017446.3317315
Domino's Pizza #7704,936 Broadway,El Cajon,92021,Restaurant Meals Program,3869857.27997804,-13018724.2794858
Arco Ampm 42619,3190 Main St,Chula Vista,91911,Convenience Store,3841676.81572871,-13031612.8501298
Las Delicias De San Diego,2695 Imperial Ave,San Diego,92102,Convenience Store,3856390.72645969,-13039533.2318998
7-ELEVEN 19663,3090 Clairemont Dr,San Diego,92117,Convenience Store,3868419.93226591,-13045900.7067732
7 Eleven 24155,1702 Gateway Dr,San Diego,92105,Convenience Store,3858648.81590079,-13036381.7771154
Carl's Jr. #651,775 College Blvd,Oceanside,92057,Restaurant Meals Program,3927564.6788405,-13056919.1099719
Harvest International Market,733 E Main St,El Cajon,92020,Super Store,3868116.27478492,-13019115.0108985
Subway 32011,915 Broadway,El Cajon,92021,Restaurant Meals Program,3869762.71397824,-13018861.2024595
Mg Liquor & Deli,5865 Mission Gorge Rd,San Diego,92120,Convenience Store,3866412.46849846,-13035554.6732988
KPG National Inc - DBA Giant Pizza King,3568 National Ave,San Diego,92113,Restaurant Meals Program,3855162.43418552,-13037550.6317688
Babylon International Market,524 E Main St,El Cajon,92020,Grocery Store,3868152.69208091,-13019458.988125
Summit Pizza West LLC Pizza Hut #030286,11808 Rancho Bernardo Rd.,San Diego,92128,Restaurant Meals Program,3898390.94987921,-13032905.269418
Leon Discount Tobacco & Food Mart,185 Palm Ave,Imperial Beach,91932,Convenience Store,3840198.50395523,-13038840.8246671
Summit Pizza West LLC Pizza Hut #33358,2340 University Ave,San Diego,92104,Restaurant Meals Program,3862006.91395003,-13039879.4355162
Bradley Market Liquor,703 E Bradley Ave,El Cajon,92021,Convenience Store,3871313.48038605,-13018958.0504165
Marukai San Diego2,8125 Balboa Ave,San Diego,92111,Supermarket,3871594.43627304,-13040854.5942555
KFC #C191018,840 Highland Ave,National City,91950,Restaurant Meals Program,3852543.69454773,-13035377.6753085
Valleymax Supermarket,2040 E Valley Pkwy,Escondido,92027,Super Store,3913637.64032112,-13030034.3397504
KFC #C191010,2949 Jamacha Rd,El Cajon,92019,Restaurant Meals Program,3860771.94908487,-13017772.4978395
Balboa International Market,5905 Balboa Ave,San Diego,92111,Super Store,3871286.72303236,-13044165.2359117
Sunset Gas&market,4792 Point Loma Ave,San Diego,92107,Convenience Store,3860346.86838973,-13052731.2707282
Carl's Jr. #409,695 H St,Chula Vista,91910,Restaurant Meals Program,3846303.72805831,-13034814.3986851
Honey Donuts,10718 Woodside Ave,Santee,92071,Restaurant Meals Program,3873939.30856982,-13020692.408083
SUBWAY 10085,8872 Navajo Road  Suite B,San Diego,92119,Restaurant Meals Program,3869331.34901854,-13025166.338418
Subway #41528,7404 University Ave,La Mesa,91942,Restaurant Meals Program,3863190.91287448,-13028620.5822173
POPEYE'S 13456,2850 NATIONAL AVE,SAN DIEGO,92113,Restaurant Meals Program,3855065.47266621,-13039134.7081227
Carl's Jr. #1043,7162 Broadway,Lemon Grove,91945,Restaurant Meals Program,3861232.91162518,-13029298.5179163
7 Eleven 21799B,3019 Meade Ave,San Diego,92116,Convenience Store,3863127.90445807,-13038833.0323027
Imperial Beach Grocery Outlet 288,881 Palm Ave,Imperial Beach,91932,Supermarket,3840195.46534193,-13037127.6177037
PGC Fds dba Jack in The Box J3021,7740 Hazard Center Dr,San Diego,92108,Restaurant Meals Program,3864966.53852703,-13041662.7737587
Selecta International Grocers Inc.,1415 3rd Ave,Chula Vista,91911,Grocery Store,3842672.72242758,-13031585.0202571
JS Foods Burger King #910,6960 Broadway Ave,Lemon Grove,91945,Restaurant Meals Program,3857565.56175533,-13029708.1736424
7-Eleven 25085,895 Broadway,El Cajon,92021,Convenience Store,3869803.63950676,-13018963.616391
Carl's Jr. #332,3381 Rosecrans St,San Diego,92110,Restaurant Meals Program,3861828.62949915,-13047462.519229
Hilltop Market,1500 Hilltop Dr,Chula Vista,91911,Grocery Store,3842300.22210854,-13030120.0557583
SUBWAY 1055,609 Broadway  Unit A,Chula Vista,91910,Restaurant Meals Program,3845904.41357206,-13034160.9532741
KFC #C191012,1361 Medical Center Dr,Chula Vista,91911,Restaurant Meals Program,3844386.71851902,-13027319.2573699
Adams Avenue Liquor,2740 Adams Ave,San Diego,92116,Convenience Store,3863873.70214674,-13039318.3852826
Holiday Market & Liquor,3206 Thorn St,San Diego,92104,Convenience Store,3860749.71534376,-13038276.4348487
Pours Liquor,1141 13th St,Imperial Beach,91932,Convenience Store,3839114.03274147,-13036146.8929899
Popeyes Louisiana Kitchen 12135,3295 Palm Ave.,San Diego,92154,Restaurant Meals Program,3840135.4859171,-13031337.8909876
7-eleven 18469,10710 Woodside Ave,Santee,92071,Convenience Store,3873886.70941687,-13020707.9928117
Jimbos Natural Family Inc,1923 Calle Barcelona,Carlsbad,92009,Super Store,3904834.10973993,-13054150.5942359
QSC Foods dba Jack in The Box 37,7170 Linda Vista Rd,San Diego,92111,Restaurant Meals Program,3867437.34458225,-13043080.9840714
Carnival Supermarket 3,870 3rd Ave,Chula Vista,91911,Super Store,3845199.53281349,-13032514.5380053
San Diego Market,2601 Broadway,San Diego,92102,Convenience Store,3857640.84516617,-13039736.9465679
Nahrain Fish & Chicken Grill & Market,1183 E Main St,El Cajon,92021,Restaurant Meals Program,3868064.76105673,-13017899.402059
Burger King 1936,1707 E. Valley Parkway,Escondido,92027,Restaurant Meals Program,3913167.56821263,-13030783.5199234
Carl's Jr. #117,950 Carlsbad Village Dr,Carlsbad,92008,Restaurant Meals Program,3916908.59573911,-13062691.0255695
Wienerschnitzel #86,1825 Highland Ave,National City,91950,Restaurant Meals Program,3851447.511923,-13034949.0952689
Michi-Cal Inc.,2100 Highland Ave,National City,91950,Restaurant Meals Program,3851135.82794162,-13034901.2278879
KFC #C191015,5080 Bonita Rd,Bonita,91902,Restaurant Meals Program,3851633.70636146,-13026750.414772
Jack in The Box 3026,4211 Oceanside Blvd,Oceanside,92056,Restaurant Meals Program,3922841.62985228,-13055880.4991228
Denny's #9501,1065 Camino del Rio S,San Diego,92108,Restaurant Meals Program,3864043.41279115,-13041499.1341072
Del Taco 875,1605 E. Valley Pkwy,Escondido,92027,Restaurant Meals Program,3913093.52294688,-13030917.1033124
MZM Fds Inc dba Jack in The Box 84,804 University Ave,San Diego,92103,Restaurant Meals Program,3861987.19267178,-13041882.0731555
Imperial Liquor,3106 E 16th St,National City,91950,Grocery Store,3852632.0389443,-13032400.9921247
Muang Lao Market,110 47th St,San Diego,92102,Grocery Store,3856161.59428413,-13034813.2854902
Sprouts Farmers Market 233,3205 Lemon Grove Ave,Lemon Grove,91945,Supermarket,3860920.43978781,-13027789.0256211
Tradewinds Liquor,3111 54th St,San Diego,92105,Convenience Store,3860646.22312428,-13033199.1528737
Mid East Market,4595 El Cajon Blvd,San Diego,92115,Grocery Store,3862901.15636824,-13035030.3584972
El Toro Market,337 N Main Ave,Fallbrook,92028,Grocery Store,3946425.16168668,-13052355.0108494
Popeyes #13242,2810 El Cajon Blvd,San Diego,92104,Restaurant Meals Program,3862923.79127056,-13039210.4053765
Rallys,7393 El Cajon Blvd,La Mesa,91942,Restaurant Meals Program,3864601.41002313,-13028594.9787344
Sweetwater Gas,2835 Sweetwater Rd,Spring Valley,91977,Convenience Store,3860356.52914448,-13025987.8762601
Jack in The Box #7,393 W Main St,El Cajon,92020,Restaurant Meals Program,3868080.91700892,-13020569.9566432
Jack in The Box #3050,350 E Chase Ave,El Cajon,92020,Restaurant Meals Program,3866229.21840002,-13019716.1361488
King Market,7907 Cajon Rd,El Cajon,92021,Convenience Store,3871605.56337695,-13016970.9975058
Everytable El Cajon,6083 El Cajon Blvd,San Diego,92115,Restaurant Meals Program,3863655.54415925,-13031799.8668744
KFC & Taco Bell #C191024,4290 Clairemont Mesa Blvd,San Diego,92117,Restaurant Meals Program,3873138.29002707,-13046799.0550639
Pizza Hut,2326 Proctor Valley Rd,Chula Vista,91914,Restaurant Meals Program,3850402.86742101,-13021125.4409022
McDonald's # 1557,1110 3rd Ave,Chula Vista,91911,Restaurant Meals Program,3844085.26451679,-13032113.7878384
KFC #C191020,724 Fletcher Pkwy,El Cajon,92020,Restaurant Meals Program,3869862.84270757,-13021237.8735879
JACK IN THE BOX #87,7425 Mission Gorge Rd,San Diego,92120,Restaurant Meals Program,3869655.16925464,-13033032.1736375
K & L Liquor & Market,1413 Morena Blvd,San Diego,92110,Grocery Store,3865302.81626559,-13047078.4669858
7-Eleven 21834,108 W Washington Ave,El Cajon,92020,Convenience Store,3867157.01754781,-13020227.0926115
Jensen's Foods Point Loma,955 Catalina Blvd,San Diego,92106,Super Store,3858493.73787547,-13051717.1501671
7-Eleven 13587,2404 University Ave,San Diego,92104,Convenience Store,3861966.01549697,-13039805.9646522
WKS Frosty Corp,960 Eastlake Pkwy,Chula Vista,91914,Restaurant Meals Program,3848868.99413471,-13020643.4275071
7 Eleven 16073,4687 Ohio St,San Diego,92116,Convenience Store,3863845.90266413,-13038687.2037698
Carl's Jr. #613,5901 University Ave,San Diego,92115,Restaurant Meals Program,3862155.8172835,-13032235.1260834
Mission Square Market,6171 Mission Gorge Rd,San Diego,92120,Convenience Store,3867087.36717966,-13035255.2238686
7-ELEVEN  # 13609 13609,4340 Mission Blvd,San Diego,92109,Convenience Store,3868034.96530139,-13052749.0818468
KFC & Taco Bell #C191031,7180 Miramar Rd,San Diego,92121,Restaurant Meals Program,3879529.01149278,-13042024.5621037
Fallbrook Grocery Outlet,1101 S Main Ave,Fallbrook,92028,Supermarket,3944793.34354576,-13052368.3691883
El Cajon Arco Am/pm,404 E Chase Ave,El Cajon,92020,Convenience Store,3866195.85235938,-13019638.2125052
Farmers Liquor,2045 University Ave,San Diego,92104,Convenience Store,3861957.41228056,-13040263.4877594
Sawaya Brothers Market,425 S 30th St,San Diego,92113,Super Store,3855748.71779796,-13038795.1836758
7-Eleven 20508,948 Grand Ave,Spring Valley,91977,Convenience Store,3857487.89729874,-13024085.4261624
Nigeria Breeze Restaurant,925 E Plaza Blvd,National City,91950,Restaurant Meals Program,3852549.77812272,-13035060.4147597
Jack in The Box #58,12155 Woodside Ave,Lakeside,92040,Restaurant Meals Program,3876213.88388827,-13016480.0785514
Subway 45817,4310 Camino De La Plaza,San Ysidro,92173,Restaurant Meals Program,3835166.43944124,-13028814.2781313
7 Eleven 23982C,1303 Imperial Beach Blvd,Imperial Beach,91932,Convenience Store,3839178.49847019,-13036104.5915834
North Park Produce,12342 Poway Rd,Poway,92064,Grocery Store,3889031.60631555,-13031559.4167743
Yoshinoya Beef Bowl #1179,1299 Broadway,Chula Vista,91911,Restaurant Meals Program,3842816.88940772,-13033116.7764505
Tarbosh,1142 E Main St,El Cajon,92021,Restaurant Meals Program,3868152.16237398,-13018066.3812952
Frazier Farms Market,1820 Oceanside Blvd,Oceanside,92054,Super Store,3920885.21038708,-13064281.7810929
Pacific Liquor House,2931 El Cajon Blvd,San Diego,92104,Convenience Store,3862821.86836896,-13038930.9934546
7-eleven Store 33971b,696 W San Marcos Blvd,San Marcos,92078,Convenience Store,3913544.31567526,-13044308.8380548
PGC Fds dba Jack in The Box J3012,3801 Murphy Canyon Rd,San Diego,92123,Restaurant Meals Program,3870311.97556845,-13037286.8045756
7 ELEVEN 13644 13644 F,5150 Linda Vista Rd,San Diego,92110,Convenience Store,3864162.55588923,-13046341.5319567
Carl's Jr. #575,1487 E H St,Chula Vista,91910,Restaurant Meals Program,3848236.11950743,-13024423.8374144
Carl's Jr. #261,1502 Sweetwater Rd,National City,91950,Restaurant Meals Program,3850354.86888625,-13033707.8829466
7-Eleven Store 33555,600 W Grape St,San Diego,92101,Convenience Store,3858935.4245102,-13043145.549376
DMSD Foods Inc dba Jack in the Box 3004,7015 Broadway,Lemon Grove,91945,Restaurant Meals Program,3861120.81255921,-13029577.9298381
La Morena Taco Shop,5059 Federal Blvd,San Diego,92102,Restaurant Meals Program,3858352.42281506,-13033991.7476481
7 Eleven 13624D,13626 Pomerado Rd,Poway,92064,Convenience Store,3890208.24681442,-13031340.1173774
Arnele Market & Liquor,735 Arnele Ave,El Cajon,92020,Convenience Store,3869306.58276592,-13021207.8173254
JACK IN THE BOX#26,3838 Midway Dr,San Diego,92110,Restaurant Meals Program,3862760.71505098,-13048700.3919666
Beshay Foods Inc dba Jack in the Box 3002,740 Sycamore Rd,Vista,92083,Restaurant Meals Program,3917073.88969581,-13048636.9398569
Golden State Gasoline Inc,181 N 2nd St,El Cajon,92021,Convenience Store,3868277.43872666,-13017223.6927499
Carroll Centre Arco,9720 Carroll Centre Rd,San Diego,92126,Convenience Store,3881878.51662866,-13038017.0604352
D & S Gas & Food Mart,1025 Euclid Ave,San Diego,92114,Convenience Store,3857726.05227735,-13033837.0135559
Moms & Kids Nutrition,839 Williamston St,Vista,92084,Convenience Store,3923234.92234009,-13049916.0008061
Sprouts Farmers Market 250,471 College Blvd,Oceanside,92057,Supermarket,3927825.69209722,-13056837.8467436
Lakeside Arco Am/pm,9606 Winter Gardens Blvd,Lakeside,92040,Convenience Store,3875730.07246504,-13016723.8682362
PGC Fds dba Jack in The Box J65,10255 Campo Rd,Spring Valley,91978,Restaurant Meals Program,3861351.49692097,-13021356.9854431
Best Nutrition,155 Jamacha Rd,El Cajon,92019,Grocery Store,3868031.38981582,-13017202.5420467
Summit Pizza West LLC Pizza Hut #029993,1289 E Vista Way,Vista,92084,Restaurant Meals Program,3924409.55692761,-13049544.1937068
Jack in the Box 18,2890 EL Cajon Blvd,San Diego,92104,Restaurant Meals Program,3862912.27526219,-13039040.0865556
Jack In The Box #3049,700 Roosevelt Ave,National City,91950,Restaurant Meals Program,3852347.96380687,-13036448.5688099
Mission Valley Mobil,5495 Mission Center Rd,San Diego,92108,Convenience Store,3865356.43624098,-13041518.0584206
7-Eleven 35998,515 5th Ave,San Diego,92101,Convenience Store,3856965.9577789,-13042201.5600941
Concepto Pizza Co,342 Euclid Ave,San Diego,92114,Restaurant Meals Program,3856691.43611559,-13034081.9164356
Jacumba Shell 1,1494 Carrizo Creek Rd,Jacumba,91934,Convenience Store,3846749.45349541,-12927766.2367535
Summit Pizza West LLC Pizza Hut 027228,6911 Linda Vista Rd,San Diego,92111,Restaurant Meals Program,3866641.79994986,-13043400.4710099
7-Eleven 26182D,14225 Poway Rd,Poway,92064,Convenience Store,3889556.4299061,-13027015.3551601
Bressi Ranch Fuel Mart LLC,2741 Gateway Rd,Carlsbad,92009,Convenience Store,3912292.74743244,-13052356.1240443
7 Eleven 13642F,2920 Adrian St,San Diego,92110,Convenience Store,3862432.58394216,-13049614.324986
Carl's Jr. #483,520 N 2nd St,El Cajon,92021,Restaurant Meals Program,3868884.63739751,-13017278.2393004
Amoda Market,5985 El Cajon Blvd,San Diego,92115,Grocery Store,3863530.84644367,-13032016.9398814
32nd & Broadway Market,857 32nd St,San Diego,92102,Convenience Store,3857467.12512015,-13038379.9619752
Arco 42141,1185 Palm Ave,Imperial Beach,91932,Convenience Store,3840186.87796071,-13036456.3611743
Main Street Valero,1699 E Main St,El Cajon,92021,Convenience Store,3870377.14165371,-13015332.3746013
R&M Palm Inc.,3329 Palm Ave,San Diego,92154,Convenience Store,3840175.78043113,-13031196.5152343
Restaurants Del Sur LLC dba: Carl's Jr. # 157,6566 Mission Gorge Rd,San Diego,92120,Restaurant Meals Program,3867805.60672182,-13035288.6197158
JS Foods,6735 Mira Mesa Blvd,San Diego,92121,Restaurant Meals Program,3882950.22099564,-13043644.2606948
7 Eleven 13662E,8625 Los Coches Rd,Lakeside,92040,Convenience Store,3873185.71898056,-13013914.1642886
Kenwood Liquor,9612 Dale Ave,Spring Valley,91977,Convenience Store,3861582.84756023,-13023271.6806847
Jamul Gas & Food Mart,13886 Campo Rd,Jamul,91935,Convenience Store,3857790.75187674,-13010589.0510986
KFC #C191005,2829 University Ave,San Diego,92104,Restaurant Meals Program,3861917.57285259,-13039194.8206478
Subway,1555 Palm Ave,San Diego,92154,Restaurant Meals Program,3840150.15046208,-13035475.6364604
7-ELEVEN 13648,7750 Starling Dr,San Diego,92123,Convenience Store,3867856.72204614,-13041749.6029615
Ampm 42637,3770 Murphy Canyon Rd,San Diego,92123,Convenience Store,3870099.79093707,-13037383.6525326
M & V Food Mart 3037,915 Camino del Rio S,San Diego,92108,Convenience Store,3864014.02434548,-13041658.320979
McDonald's #5480,2796 Main St,San Diego,92113,Restaurant Meals Program,3854631.60276924,-13039347.3283502
Ampm 42669,2340 El Cajon Blvd,San Diego,92104,Convenience Store,3862883.41910673,-13039852.7188384
7-Eleven 33376,1610 S Melrose Dr,Vista,92081,Convenience Store,3917496.51032226,-13051889.6953778
Neighbors Market,1497 13th St,Imperial Beach,91932,Convenience Store,3838266.4995545,-13036132.4214561
Liquor Mart,10497 San Diego Mission Rd,San Diego,92108,Convenience Store,3866810.49117694,-13036734.6599012
Marco's Pizza #7434,1779 Oceanside Blvd,Oceanside,92054,Restaurant Meals Program,3920685.27659695,-13064432.0624055
KFC #C191017,1056 13th St,Imperial Beach,91932,Restaurant Meals Program,3839319.05611145,-13036176.9492524
JACK IN THE BOX INC #3,1745 Highland Ave,National City,91950,Restaurant Meals Program,3851563.08965945,-13034981.3779213
Sprouts Farmers Market 234,4439 Genesee Ave,San Diego,92117,Supermarket,3872029.99076692,-13044860.9827292
Spin-Off Pizza Inc Domino's Pizza 7717,10135 Maine Ave,Lakeside,92040,Restaurant Meals Program,3877073.82137257,-13015684.1441922
Hi Time Liquor S D .,1650 E Valley Pkwy,Escondido,92027,Convenience Store,3913189.76859032,-13030846.9720332
Kentucky Fried Chicken (D742009),201 S Rancho Santa Fe Rd,San Marcos,92078,Restaurant Meals Program,3914657.48008151,-13046652.113336
Ace Liquor,2892 Mission Blvd,San Diego,92109,Convenience Store,3864223.58409819,-13052356.1240443
Pizza Hut #027216,885-D East H St,Chula Vista,91910,Restaurant Meals Program,3847128.17469503,-13027022.0343295
Restaurants Del Sur LLC dba: Carl's Jr. #281,2097 Olympic Pkwy,Chula Vista,91915,Restaurant Meals Program,3846111.14073943,-13020701.3136423
Fruity Loco,9766 Campo Rd,Spring Valley,91977,Restaurant Meals Program,3861964.03013878,-13022784.101315
SUBWAY 19561,640 Dennery Rd #102,San Diego,92154,Restaurant Meals Program,3839944.05581987,-13028086.2486615
Sprouts Farmers Market 202,152 N 2nd St,El Cajon,92021,Supermarket,3868200.63065679,-13017231.4851143
Chula Vista Ice Cream,163 Mace St,Chula Vista,91911,Convenience Store,3841460.52067671,-13030353.826689
7 Eleven 34358B,13985 Torrey Del Mar Dr,San Diego,92130,Convenience Store,3891363.77522452,-13042406.3879572
Linda Vista Market,2187 Ulric St,San Diego,92111,Grocery Store,3866633.72295799,-13043252.4160872
New Way Liquor,5591 University Ave,San Diego,92105,Convenience Store,3861867.54213373,-13032793.9499272
Burger King 4809,1310 W. Valley Parkway,Escondido,92029,Restaurant Meals Program,3910428.4720144,-13035728.3317045
Jack in The Box #96,717 W San Marcos Blvd,San Marcos,92078,Restaurant Meals Program,3913448.99768358,-13044341.1207072
A & W Liquor,7021 University Ave,La Mesa,91942,Convenience Store,3862811.80849398,-13029602.4201261
KFC & Taco Bell #C191021,100 B Ave,Coronado,92118,Restaurant Meals Program,3855240.61247054,-13043348.1508493
McDonald's #39549,27650 Valley Center Rd,Valley Center,92082,Restaurant Meals Program,3923420.26403387,-13028184.2098134
KGP 805 Inc Giant Pizza King #6,1460 S 43rd St,San Diego,92113,Restaurant Meals Program,3854326.31606758,-13035893.0845508
Circle Market,3504 Bancroft Dr,Spring Valley,91977,Convenience Store,3861475.77453194,-13024801.2104882
Sprouts Farmers Market 249,15727 Bernardo Heights Pkwy,San Diego,92128,Supermarket,3895783.00758007,-13030898.178999
Carl's Jr. #203,6788 Miramar Rd,San Diego,92121,Restaurant Meals Program,3879187.1574248,-13043180.0584182
Carl's Jr. #610,7404 Clairemont Mesa Blvd,San Diego,92111,Restaurant Meals Program,3873167.56877186,-13042075.7690695
Kegs & Beer,1811 L Ave,National City,91950,Convenience Store,3851715.82856256,-13034272.2727649
SAN YSIDRO ARCO 6075,779 W San Ysidro Blvd,San Ysidro,92173,Convenience Store,3836768.93403347,-13031000.5929305
Sprouts Farmers Market 229,13536 Poway Rd,Poway,92064,Supermarket,3889532.68232518,-13028559.3564974
Jack in The Box #54,2733 Navajo Rd,El Cajon,92020,Restaurant Meals Program,3869002.90241777,-13024697.6833618
7 Eleven 19628F,2101 Fern St,San Diego,92104,Convenience Store,3859237.25763202,-13038804.0892351
Pizza Hut #027198,1915 W San Marcos Blvd,San Marcos,92069,Restaurant Meals Program,3912626.92893942,-13047749.7235152
Carl's Jr. #89,624 Fletcher Pkwy,El Cajon,92020,Restaurant Meals Program,3869885.49099065,-13021028.5929452
Pizza Hut #027209,4090 El Cajon Blvd,San Diego,92105,Restaurant Meals Program,3862904.20082625,-13036349.4944631
V & D  Market,2193 Ocean View Blvd,San Diego,92113,Convenience Store,3855867.38027573,-13039494.270078
Subway 23729,344 S Twin Oaks Valley Rd,San Marcos,92078,Restaurant Meals Program,3912608.71752882,-13042747.025599
Viking Liquor,8725 Broadway,La Mesa,91941,Convenience Store,3862345.75448707,-13025745.1997701
7 Eleven 13615G,2850 Thunder Dr,Oceanside,92056,Convenience Store,3921232.80803838,-13056454.9076953
Wendy's #35440,686 Jamacha Rd,El Cajon,92019,Restaurant Meals Program,3867227.19799315,-13016437.7771449
SUBWAY 2041,925 E Plaza Blvd,National City,91950,Restaurant Meals Program,3852549.77812272,-13035060.4147597
Wendy's #90610,10196 Scripps Poway Pkwy,San Diego,92131,Restaurant Meals Program,3886914.37533918,-13036479.7382673
Mohsen Oil 2,628 S Coast Hwy,Oceanside,92054,Convenience Store,3920384.38470518,-13065957.1394294
Ranch Market,2025 Harbison Canyon Rd,El Cajon,92019,Convenience Store,3867749.59199685,-13007230.5420614
Foothill Liquor,405 Jamacha Rd,El Cajon,92019,Convenience Store,3867693.97480304,-13016885.2814979
Cigarette Mart Plus Water-Aqua,4142 University Ave,San Diego,92105,Convenience Store,3862221.46770608,-13036193.647176
Subway 53987,1120 Broadway,Chula Vista,91911,Restaurant Meals Program,3843546.86906432,-13033434.0369992
Jack in the Box 3061,3909 Mission Ave,Oceanside,92058,Restaurant Meals Program,3925606.9333184,-13060580.4080241
JACK IN THE BOX #3047,1350 S 43rd St,San Diego,92113,Restaurant Meals Program,3854529.09010669,-13035830.745636
Bowman's Market,1008 Palm Ave,Imperial Beach,91932,Convenience Store,3840221.22752293,-13036793.6592314
Valero Gas,5345 Kearny Villa Rd,San Diego,92123,Convenience Store,3872831.99368108,-13040036.3959982
JACK IN THE BOX #3046,2404 Market St,San Diego,92102,Restaurant Meals Program,3857118.3696709,-13040210.0544038
Live Oaks Springs Market 1,37820 Old Highway 80,Boulevard,91905,Grocery Store,3853741.42572294,-12950428.6586892
7-Eleven 39651B,1062 W El Norte Pkwy,Escondido,92026,Convenience Store,3914858.37416395,-13036331.6833446
WKS Frosty Corp dba Wendys 88230,1660 Main St,Ramona,92065,Restaurant Meals Program,3900126.35995918,-13010815.0296649
Ranch House Liquor,404 Palm Ave,National City,91950,Convenience Store,3853380.21551195,-13034600.6652627
Ongs Restaurant Group LLC Rallys Hamburgers 4009,1004 3rd Ave,Chula Vista,91911,Restaurant Meals Program,3844542.53664078,-13032246.2580325
Sprouts Farmers Market 228,3315 Rosecrans St,San Diego,92110,Supermarket,3861927.63196456,-13047458.0664494
Jack in The Box 3045,10537 Scripps Poway Pkwy,San Diego,92131,Restaurant Meals Program,3886933.2099928,-13035624.804578
7-eleven 18218,807 E 8th St,National City,91950,Convenience Store,3852672.37605165,-13035339.8266816
Corey's Liquor,3605 University Ave,San Diego,92104,Convenience Store,3862127.62477471,-13037222.2392709
Paradise Valley Produce Market,8423 Paradise Valley Rd,Spring Valley,91977,Grocery Store,3855226.45832642,-13026380.8340626
Mission Seafood Market,3753 Mission Ave,Oceanside,92058,Specialty Store,3925119.21179813,-13061394.1535018
C & R Food Mart,5405 Clairemont Mesa Blvd,San Diego,92117,Convenience Store,3873337.81088099,-13043911.4274727
Holiday House Liquor no,4206 Bonita Rd,Bonita,91902,Convenience Store,3850265.61593078,-13028533.7530145
Allied Gardens Grocery Outlet,5185 Waring Rd,San Diego,92120,Super Store,3867747.07597527,-13033419.5654654
A MART,4009 Taylor St,San Diego,92110,Convenience Store,3862855.62195955,-13046590.8876161
7-Eleven Store 36751C 36751C,5829 Mission Gorge Rd,San Diego,92120,Convenience Store,3866330.64115138,-13035589.182341
Vista AMPM 83275,1244 N Santa Fe Ave,Vista,92083,Convenience Store,3924146.62434719,-13051650.3584726
MZM Foods Inc dba Jack in The Box 81,2690 Del Mar Heights Rd,Del Mar,92014,Restaurant Meals Program,3888580.69601116,-13051803.9793699
Carl's Jr. #886,1137 S Mission Rd,Fallbrook,92028,Restaurant Meals Program,3944715.49765629,-13052617.7248476
Beshay Foods INC dba Jack in the Box J36,901 Carlsbad Village Dr.,Carlsbad,92008,Restaurant Meals Program,3916806.06945031,-13062699.9311288
Denny's #7780,4280 Clairemont Mesa Blvd,San Diego,92117,Restaurant Meals Program,3873101.32737188,-13046826.8849366
7-Eleven 21805,2240 Encinitas Blvd,Encinitas,92024,Convenience Store,3900276.80969774,-13050995.7998668
JIMBO'S NATURAL FAMILY INC,1633 S Centre City Pkwy,Escondido,92025,Super Store,3909141.75599253,-13032884.1187147
WKS Frosty Corp dba Wendys 40740,2825 EL Cajon Blvd,San Diego,92104,Restaurant Meals Program,3862823.85387161,-13039239.3484441
Jack in the Box #93,585 Palomar St,Chula Vista,91911,Restaurant Meals Program,3842763.50381348,-13033038.8528069
Sqa Snacks,2401 E Division St,National City,91950,Convenience Store,3854227.90643859,-13033810.2968781
Del Taco 1211,2804 Main St.,San Diego,92113,Restaurant Meals Program,3854648.66625366,-13039232.6692746
Coastal Market,432 S Coast Hwy,Oceanside,92054,Convenience Store,3920669.04792354,-13066157.5145128
G&M OIL 162,398 El Cajon Blvd,El Cajon,92020,Convenience Store,3867657.69134673,-13021194.4589865
7-Eleven 13564F,15 N Euclid Ave,National City,91950,Convenience Store,3854227.37735678,-13033851.4850897
Jack in the Box #74,1880 Coronado Ave,San Diego,92154,Restaurant Meals Program,3839265.68628434,-13034760.9653295
Sams International Market,665 E Main St,El Cajon,92020,Grocery Store,3868114.81809542,-13019358.8005833
Beverage City,6189 Lake Murray Blvd,La Mesa,91942,Convenience Store,3867563.14301134,-13026664.6987641
McDonald's #25736,4449 Camino de la Plz,San Ysidro,92173,Restaurant Meals Program,3835068.1890328,-13028688.4871067
Starlight Market,7020 El Cajon Blvd,San Diego,92115,Convenience Store,3864704.93697044,-13029527.8360673
California Finest Oil,404 Telegraph Canyon Rd,Chula Vista,91910,Convenience Store,3846072.80870282,-13029476.6291015
Pizzero Grill,1501 Skyline Dr,Lemon Grove,91945,Restaurant Meals Program,3858209.65398113,-13027241.3337264
JACK IN THE BOX INC #3051,238 W Felicita Ave,Escondido,92025,Restaurant Meals Program,3909269.46439291,-13032477.8025733
Jack in The Box #44,1905 Garnet Ave,San Diego,92109,Restaurant Meals Program,3868904.37022426,-13050534.9371749
SUBWAY 33339,263 E Orange Ave,Chula Vista,91911,Restaurant Meals Program,3842995.41575512,-13028853.2399531
Circle A,1291 Hollister St,San Diego,92154,Convenience Store,3838782.99089844,-13033739.052404
San Marcos Market,228 W Mission Rd,San Marcos,92069,Grocery Store,3914362.32761251,-13042839.4207763
7-ELEVEN 21787 21787,1253 W Main St,El Cajon,92020,Convenience Store,3868117.86390094,-13022066.0905994
7-Eleven 13568,415 Telegraph Canyon Rd,Chula Vista,91910,Convenience Store,3846151.98432202,-13029144.897019
Carl's Jr. #197,805 W San Ysidro Blvd,San Ysidro,92173,Restaurant Meals Program,3836860.19848728,-13030998.3665407
La Vista Liquor,993 S Santa Fe Ave,Vista,92083,Convenience Store,3920886.27458143,-13050081.8668474
Parkway Market,9085 Dallas St,La Mesa,91942,Convenience Store,3867778.85734002,-13024712.1548956
New Caney Inc dba Dennys 7225,1202 W Main St,EL Cajon,92020,Restaurant Meals Program,3868171.36426544,-13021912.4697021
SUBWAY 45837,1722 Euclid Ave,San Diego,92105,Restaurant Meals Program,3858636.64246672,-13033872.6357929
Denny's #8743,7676 Friars Rd,San Diego,92108,Restaurant Meals Program,3865142.75216087,-13042013.4301547
Garden Farms Market,370 E St,Chula Vista,91910,Supermarket,3848141.72665457,-13033726.80726
Main Street Martket 4,2996 National Ave,San Diego,92113,Convenience Store,3855020.62988632,-13038811.8815994
Valley Center Market,27537 Valley Center Rd,Valley Center,92082,Grocery Store,3923276.56741706,-13028061.7583735
SUBWAY 4623,1860 Sweetwater Rd,National City,91950,Restaurant Meals Program,3850420.98262116,-13033301.5668052
Giant Pizza King #9,3638 El Cajon Blvd,San Diego,92104,Restaurant Meals Program,3862908.70133085,-13037183.2774491
City Heights Food Mart And Gas 210316,4055 University Ave,San Diego,92105,Convenience Store,3862099.8294095,-13036398.4750391
SOCAL FOOD GROUP LP DEL TACO 1306,1270 W Valley Pkwy,Escondido,92029,Restaurant Meals Program,3910590.08570258,-13035651.5212558
QSC Foods dba Jack in The Box 73,1047 Sweetwater Rd,Spring Valley,91977,Restaurant Meals Program,3857438.41458955,-13025839.8213373
Sprouts Farmers Market 253,510 W 13th Ave,Escondido,92025,Supermarket,3909614.19102328,-13033296.0008306
Nordahl Liquor,740 Nordahl Rd,San Marcos,92069,Convenience Store,3913172.08804658,-13037646.3665308
KFC #C191029,7012 Broadway,Lemon Grove,91945,Restaurant Meals Program,3861213.72103652,-13029587.9485923
Five Star Market,553 W 9th Ave,Escondido,92025,Supermarket,3910070.9628399,-13033604.3558201
Jack in the Box #76,402 W San Ysidro Blvd,San Ysidro,92173,Restaurant Meals Program,3836415.24138582,-13030183.5078681
7-eleven Store 34274a,2576 Clairemont Dr,San Diego,92117,Convenience Store,3867545.53115037,-13047100.7308839
Louies Marketplace,5409 Redwood St,San Diego,92105,Convenience Store,3860532.14451772,-13033170.209806
SOCAL FOOD GROUP LP DEL TACO 1311,7919 Mission Center Rd,San Diego,92108,Restaurant Meals Program,3865245.7542882,-13041496.9077174
E Food Store,997 W San Marcos Blvd,San Marcos,92069,Convenience Store,3913161.45314595,-13045243.9217775
7-ELEVEN 20211,1076 Main St,Ramona,92065,Convenience Store,3900781.28856423,-13009899.9834506
Bobar Liqour 5,4380 Main St,Chula Vista,91911,Convenience Store,3841638.49805216,-13028688.4871067
Lena's Liquor,1141 E Washington Ave,Escondido,92025,Convenience Store,3912915.52377261,-13032033.637805
Sunrise Market & Gas,4689 Market St,San Diego,92102,Convenience Store,3857059.8919588,-13034836.6625832
Dennys 6392,665 N Mollison Ave,El Cajon,92021,Restaurant Meals Program,3869282.74364149,-13018875.6739933
Summit Pizza West LLC Pizza Hut #027217,2437 E Plaza Blvd,National City,91950,Restaurant Meals Program,3852904.48241147,-13033378.3772538
Arco Am Pm,625 Sycamore Ave,Vista,92083,Convenience Store,3917346.37052902,-13048319.6793081
Akshar Cash N Carry 1,9520 Black Mountain Rd,San Diego,92126,Grocery Store,3881530.09787709,-13038200.737595
D&M Holdings Inc.,1817 W Vista Way,Vista,92083,Restaurant Meals Program,3920415.37807335,-13055558.7857944
El Vecino Market,995 Postal Way,Vista,92085,Grocery Store,3920732.49950469,-13050038.452246
Jack in The Box #3009,5256 Mission Road,Bonsall,92003,Restaurant Meals Program,3934682.81563094,-13049141.2171502
Bancroft Market & Liquor,3650 Bancroft Dr,Spring Valley,91977,Convenience Store,3861700.37754127,-13024761.1354715
Mega Fuel,7153 Clairemont Mesa Blvd,San Diego,92111,Convenience Store,3873057.8732161,-13042568.9144137
Sprouts Farmers Market 226,4175 Park Blvd,San Diego,92103,Supermarket,3862661.3084946,-13040657.5587568
Carl's Jr. #168,3008 El Cajon Blvd,San Diego,92104,Restaurant Meals Program,3862930.40967126,-13038843.0510569
Jack in The Box 22,1340 Rosecrans St,San Diego,92106,Restaurant Meals Program,3858766.84593457,-13049969.4341617
Popeyes 13846,4310 Camino de la Plz,San Ysidro,92173,Restaurant Meals Program,3835166.43944124,-13028814.2781313
Arco Am/pm 82761,1550 E Grand Ave,Escondido,92027,Convenience Store,3912578.27662127,-13030957.1783291
Stars & Stripes 76,5706 Miramar Rd,San Diego,92121,Convenience Store,3878978.92160915,-13045104.772414
Big Pig Liquor,305 Carlsbad Village Dr,Carlsbad,92008,Convenience Store,3916325.23185426,-13063426.8474037
Ramona Certified Farmers Market NAFMNP,424 Letton St,Ramona,92065,Farmers and Markets,3899510.37277746,-13011310.401399
Farooqi Food Management Inc dba Dennys 7855,2203 Villa De La Valle,Del Mar,92014,Restaurant Meals Program,3892522.46971369,-13052845.9298038
Wienerschnitzel # 13,4530 El Cajon Blvd,San Diego,92115,Restaurant Meals Program,3862913.20183716,-13035150.5835473
San Marcos,125 S Rancho Santa Fe Rd,San Marcos,92078,Supermarket,3914969.92439063,-13046558.6049638
Carl's Jr. #445,10745 Camino Ruiz,San Diego,92126,Restaurant Meals Program,3883924.02806627,-13040343.6377928
Circle K 2655861,1535 Morena Blvd,San Diego,92110,Convenience Store,3865415.48469373,-13047292.2004081
Taqueria Y Fruiteria Don Chamango,3082 Fairmount Ave,San Diego,92105,Restaurant Meals Program,3860647.81123332,-13035663.7663998
Subway 2167,9242 Miramar Rd,San Diego,92126,Restaurant Meals Program,3881269.05574612,-13038566.9787197
KFC & Taco Bell #C191009,7049 Eastman St,San Diego,92111,Restaurant Meals Program,3867368.22222796,-13043134.4174269
World Beverage And Food,13789 Highway 8 Business,El Cajon,92021,Convenience Store,3874248.15116289,-13012007.2614113
Carl's Jr. #394,555 W Mission Ave,Escondido,92025,Restaurant Meals Program,3912259.78175619,-13034725.3430924
H & L Super Market,4644 El Cajon Blvd,San Diego,92115,Grocery Store,3862928.42415066,-13034907.9070573
Cameron Corner's,31484 Highway 94,Campo,91906,Convenience Store,3846095.41137145,-12965658.2782246
Country Wine & Spirits,23658 San Vicente Rd,Ramona,92065,Convenience Store,3896107.02724108,-13004159.2373104
Summit Pizza West LLC Pizza Hut  #029361,2710 Alpine Blvd,Alpine,91901,Restaurant Meals Program,3873437.44009081,-12997140.5434159
Jimbos Naturally,12841 El Camino Real,San Diego,92130,Super Store,3888782.60192371,-13050498.2017429
Barrios Foods Inc dba Rallys 4076,1157 E Valley Parkway,Escondido,92025,Restaurant Meals Program,3912569.63620347,-13031881.1301027
Carl's Jr #181,1137 Regal Road,Encinitas,92024,Restaurant Meals Program,3900266.05373871,-13055646.7281921
J S Foods Burger King #17560,1210 11th Ave,San Diego,92101,Restaurant Meals Program,3857941.5866761,-13041653.8681994
Jack in The Box #4,6987 University Ave,La Mesa,91941,Restaurant Meals Program,3862808.76405983,-13029638.0423632
7-Eleven 33053A,4625 Frazee Rd,Oceanside,92057,Convenience Store,3926924.48243854,-13057470.1414513
El Cajon Nutrition Center,323 Van Houten Ave,El Cajon,92020,Grocery Store,3867776.34131218,-13020595.560126
Subway 3062,1455 E H St,Chula Vista,91910,Restaurant Meals Program,3848199.23481556,-13024521.7985663
Bashar Country Market & Liquor,2927 E Vista Way,Vista,92084,Convenience Store,3928229.26925084,-13049803.5681204
Stonecrest Chevron (extra Mile),3690 Murphy Canyon Rd,San Diego,92123,Convenience Store,3869975.02498079,-13037334.6719566
N Farooqi Enterprises LLC dba Jack in the Box 25,6140 Lake Murray Blvd.,La Mesa,91941,Restaurant Meals Program,3867597.96955078,-13026682.5098826
7-Eleven 15070,10777 Jamacha Blvd,Spring Valley,91978,Convenience Store,3859492.25375322,-13020097.9620022
Liva Distributors Dos Inc,8450 Jamacha Rd,San Diego,92114,Supermarket,3857859.2888536,-13027334.8420987
Subway 53699,1264 Auto Park Way,Escondido,92029,Restaurant Meals Program,3910070.03253291,-13035405.5051812
Marlens Taco Shop,8921 Jamacha Rd,Spring Valley,91977,Restaurant Meals Program,3857431.40235076,-13025168.5648078
KFC #C191014,4380 Palm Ave,San Diego,92154,Restaurant Meals Program,3840263.50404397,-13028665.1100136
Summit Pizza West LLC Pizza Hut #027211,2931 Market St,San Diego,92102,Restaurant Meals Program,3857064.91944302,-13038951.0309629
Islamic Center Book Market,7050 Eckstrom Ave,San Diego,92111,Grocery Store,3871467.53504647,-13042787.1006157
Town Liquor,2289 Imperial Ave,San Diego,92102,Convenience Store,3856382.65648649,-13040262.3745645
Litas Fish Market & Oriental,3864 Mission Ave,Oceanside,92058,Grocery Store,3925463.34278644,-13060998.9693095
Alpine Shell,2235 Alpine Blvd,Alpine,91901,Convenience Store,3873481.95554242,-12998279.3418067
Jack in The Box #35,5141 Jackson Dr,La Mesa,91942,Restaurant Meals Program,3865196.37140785,-13025500.2968904
Jack in The Box #3072,925 Eastlake Pkwy,Chula Vista,91914,Restaurant Meals Program,3848964.84712108,-13020569.9566432
KFC #C191023,461 3rd Ave,Chula Vista,91910,Restaurant Meals Program,3847100.94337691,-13033015.4757138
Take A Hike Mini Mart 39529A,7448 Jackson Dr,San Diego,92119,Convenience Store,3869228.17871615,-13029469.9499321
7 Eleven 21803,1860 W El Norte Pkwy,Escondido,92026,Convenience Store,3915936.69339111,-13038276.4348487
QSC Ventures Inc DBA Jack in the Box 51,12424 Powan Rd,Poway,92064,Restaurant Meals Program,3888945.11085019,-13031261.0805389
McDonald's #7382,707 W San Ysidro Blvd,San Ysidro,92173,Restaurant Meals Program,3836716.63228989,-13030867.0095415
Burger King #5876,3676 Market St,San Diego,92102,Restaurant Meals Program,3857124.98481495,-13037228.9184404
Little Kids Nutrition,1021 N Santa Fe Ave,Vista,92084,Grocery Store,3923637.0097854,-13051631.4341592
Arco AM/PM 83181,6616 Miramar Rd,San Diego,92121,Convenience Store,3879104.31332597,-13043538.5071785
WKS Frosty Corp dba Wendys 88200,8637 Navajo Rd,San Diego,92119,Restaurant Meals Program,3869158.51609648,-13025717.3698974
Old Poway Market,14047 Midland Rd,Poway,92064,Convenience Store,3891142.05460324,-13028370.113363
Jack In The Box #13,3850 Clairemont Mesa Blvd,San Diego,92117,Restaurant Meals Program,3872499.47510174,-13047237.6538576
Circle K,31471 Highway 94,Campo,91906,Convenience Store,3846031.96539361,-12965723.9567242
Hollister Gas Station,1102 Hollister St,San Diego,92154,Convenience Store,3839184.04676652,-13033781.3538105
Mountain Sage,44475 Old Hwy 80,Jacumba,91934,Convenience Store,3844605.04949196,-12934238.3519482
Minute Mart,5006 El Cajon Blvd,San Diego,92115,Convenience Store,3863079.32466948,-13033991.7476481
Jimbos Natural Family Inc,10511 4S Commons Dr,San Diego,92127,Super Store,3897827.36210463,-13037032.9961366
Popeyes 13800,1525 Palm Ave,San Diego,92154,Restaurant Meals Program,3840141.56311372,-13035594.7483155
Wendy's #84070,1002 Mission Ave,Oceanside,92054,Restaurant Meals Program,3921682.45222644,-13066212.0610633
Hunters Liquor,14134 Old Hwy 80,El Cajon,92021,Convenience Store,3874589.72912146,-13010979.7825113
Mesa Rock Arco,26915 Mesa Rock Rd,Escondido,92026,Convenience Store,3921505.38612696,-13038580.3370586
Farooqi Food Management Inc dba Dennys7857,16686 Bernardo Center Dr.,San Diego,92128,Restaurant Meals Program,3897475.81390987,-13032918.6277569
Noble Pursuit LLC dba KFC K584001,1077 S Mission Rd,Fallbrook,92028,Restaurant Meals Program,3944972.76431572,-13052680.0637625
Valley Foods,1275 E Main St,El Cajon,92021,Super Store,3868100.6484888,-13017499.7650871
SUBWAY 1926,11983 Bernardo Plaza Dr,San Diego,92128,Restaurant Meals Program,3897952.42446932,-13032459.9914548
Express Fuel,5109 Imperial Ave,San Diego,92114,Convenience Store,3856165.5630484,-13033802.5045137
Jack in The Box J10,7979 Broadway,Lemon Grove,91945,Restaurant Meals Program,3861183.9425987,-13027341.5212681
North Park Produce 1,432 E Chase Ave,El Cajon,92020,Super Store,3866235.70625223,-13019534.6853788
Carl's Jr. #120,1280 E Plaza Blvd,National City,91950,Restaurant Meals Program,3852491.32303173,-13034832.2098036
Jack in The Box #78,140 Broadway,El Cajon,92021,Restaurant Meals Program,3869862.84270757,-13020011.1327994
SF Supermarket,6935 Linda Vista Rd,San Diego,92111,Super Store,3866775.13732093,-13043420.5085183
Azteca Mexican Market,11277 Camino Ruiz,San Diego,92126,Grocery Store,3885580.77304104,-13040332.5058437
DMSD FOODS INC JACK IN THE BOX #72,10809 Tierrasanta Blvd,San Diego,92124,Restaurant Meals Program,3871639.87201359,-13035365.4301645
Los Primos Market,1241 28th St,San Diego,92102,Convenience Store,3858029.44221972,-13039274.9706811
7-Eleven 27263E,6401 Mission Gorge Rd,San Diego,92120,Convenience Store,3867482.89670033,-13035252.9974788
Jamul General Store,13881 Campo Rd,Jamul,91935,Convenience Store,3857831.63585557,-13010687.0122505
7 Eleven 32708,14391 Penasquitos Dr.,San Diego,92129,Convenience Store,3892287.05915456,-13034345.7436288
SUBWAY 3681,50 Town Center Parkway  #D,Santee,92071,Restaurant Meals Program,3874032.84819873,-13023136.9841008
Namaste Plaza,9160 Mira Mesa Blvd,San Diego,92126,Grocery Store,3884319.06352584,-13038572.5446942
The Liquor Bottle,2605 E 18th St,National City,91950,Convenience Store,3852224.44350832,-13032876.3263503
Safa International Market,12788 Rancho Penasquitos Blvd,San Diego,92129,Grocery Store,3888595.95159273,-13036382.8903103
DOLLARTREE 10362,8694 Lake Murray Blvd,San Diego,92119,Other,3868984.75865891,-13025691.7664146
Sprouts Farmers Market 232,3358 Governor Dr,San Diego,92122,Supermarket,3875678.52539333,-13048251.7744187
7-eleven 2112 13625A,470 N Melrose Dr,Vista,92083,Convenience Store,3922429.99084488,-13052713.4596097
Carl's Jr. #385,10009 Mission Gorge Rd,Santee,92071,Restaurant Meals Program,3873849.34693727,-13022107.278811
Casa De Oro Liqour,9727 Campo Rd,Spring Valley,91977,Convenience Store,3861897.32229796,-13022939.9486021
7-Eleven 16439H,14110 Olde Highway 80,El Cajon,92021,Convenience Store,3874603.90654363,-13011118.9318748
7-Eleven 25302,711 Jamacha Rd,El Cajon,92019,Convenience Store,3867122.72197286,-13016365.4194759
Popeyes Louisiana Kitchen 13683,3065 Lemon Grove Ave,Lemon Grove,91945,Restaurant Meals Program,3860682.61734346,-13027821.3082734
Bel Air Market,4473 Logan Ave,San Diego,92113,Grocery Store,3855124.07277982,-13035333.1475122
Summit Pizza West LLC Pizza Hut 027218,3549 Midway Dr,San Diego,92110,Restaurant Meals Program,3862365.87345023,-13048229.5105206
WKS Frosty Corp dba Wendys 90760,3705 Plaza Dr,Oceanside,92056,Restaurant Meals Program,3919434.00577616,-13057300.9358253
SUBWAY 2253,374 East H Street  Suite #1707,Chula Vista,91910,Restaurant Meals Program,3847572.47704875,-13029895.1903869
La Favorita Market,1450 N Santa Fe Ave,Vista,92083,Grocery Store,3924563.24749652,-13051643.6793032
7-Eleven Store 13578E,1475 Melrose Ave,Chula Vista,91911,Convenience Store,3843069.02066598,-13028764.1843604
7 Eleven 2112-39139,16998 W Bernardo Dr,San Diego,92127,Convenience Store,3898395.06569658,-13033531.9981511
Circle K #265,1005 E Mission Rd,Fallbrook,92028,Convenience Store,3946844.31781072,-13051146.0811793
Manolo Farmers Market,1860 Coronado Ave,San Diego,92154,Super Store,3839228.96164198,-13034757.6257448
4 JS  Mini Mart,4090 El Cajon Blvd,San Diego,92105,Convenience Store,3862866.34370856,-13036345.0416835
Kentucky Fried Chicken,2007 Mission Ave,Oceanside,92058,Restaurant Meals Program,3922447.81847722,-13064905.1702414
JACK IN THE BOX #3040,1050 W El Norte Pkwy,Escondido,92026,Restaurant Meals Program,3914897.33020055,-13036405.1542085
Family Market And Liquor,2601 Granger Ave,National City,91950,Convenience Store,3851300.7271825,-13032393.1997603
Denny's 6876,713 S Main Ave,Fallbrook,92028,Restaurant Meals Program,3945379.60386566,-13052395.085866
7-eleven Store 34177b,1007 5th Ave,San Diego,92101,Convenience Store,3857659.50070778,-13042206.0128737
Arco Ampm 83716,1015 Main St,Ramona,92065,Convenience Store,3900866.41072868,-13009783.0979853
7-Eleven 33458,1670 Kettner Blvd,San Diego,92101,Convenience Store,3858523.1125668,-13043217.907045
2nd Street Gas And Market 83630,725 N 2nd St,El Cajon,92021,Convenience Store,3869356.51264408,-13017215.9003856
Park Market 1,8830 Troy St,Spring Valley,91977,Convenience Store,3860407.47983127,-13025431.2788061
Five Star Markets,650 Douglas Dr,Oceanside,92058,Grocery Store,3927829.15279166,-13060286.5245684
WKS Frosty Corp dba Wendys 29950,3760 Midway Dr,San Diego,92110,Restaurant Meals Program,3862677.45703928,-13048590.1856707
7 Eleven 21790,3436 Adams Ave,San Diego,92116,Convenience Store,3863974.17796637,-13037647.4797258
Jack's Grocery,2117 Main St,Julian,92036,Grocery Store,3905669.71226974,-12980079.7182569
Sabatini Liquor,1780 Rosecrans St,San Diego,92106,Convenience Store,3859496.75295585,-13049449.5721397
Domino's Pizza #7710,4120 Clairemont Mesa Blvd,San Diego,92117,Restaurant Meals Program,3872781.38666148,-13046884.7710718
Qwik Korner Gas,9663 Campo Rd,Spring Valley,91977,Convenience Store,3861858.93898917,-13023064.6264318
California Finest Oil,11906 Campo Rd,Spring Valley,91978,Convenience Store,3860790.21254643,-13018185.4931504
7-Eleven 29518,2441 Jamacha Rd,El Cajon,92019,Convenience Store,3861582.31814855,-13016364.306281
7-eleven Store 37954a,4342 Ingraham St,San Diego,92109,Convenience Store,3868445.75609375,-13051116.0249168
Arco Ampm 42809,1725 Broadway,Chula Vista,91911,Convenience Store,3841597.14152661,-13032687.083216
7-Eleven Store 13629E,1560 E Grand Ave,Escondido,92027,Convenience Store,3912633.043726,-13030856.9907874
Wendy's #30190,618 E Street,Chula Vista,91910,Restaurant Meals Program,3847760.59342934,-13034861.1528712
JACK IN THE BOX 86,5 N 4th Ave,Chula Vista,91910,Restaurant Meals Program,3849082.38377478,-13034147.5949352
RNL AWAD LLC - McDonald's 17598,3400 Highland Ave,National City,91950,Restaurant Meals Program,3849300.27258616,-13034309.0081969
Denny's #9502,6970 Alvarado Rd,San Diego,92120,Restaurant Meals Program,3865349.28689683,-13029648.0611173
Umi Market,6197 University Ave,San Diego,92115,Grocery Store,3862574.47735492,-13031317.8534792
SUBWAY 31595,555 Broadway  Suite 145,Chula Vista,91910,Restaurant Meals Program,3846330.42881262,-13033842.5795304
SUBWAY 3061,6971 Broadway,Lemon Grove,91945,Restaurant Meals Program,3861095.53416855,-13029669.2118206
WKS FROSTYS CORPORATION WENDYS 36720,9655 MISSION GEORGE,SANTEE,92071,Restaurant Meals Program,3873861.40361098,-13022928.8166531
WKS Frosty Corp dba Wendys 29000,871 Broadway,El Cajon,92021,Restaurant Meals Program,3869758.74063354,-13019001.4650179
JACK IN THE BOX INC #34,1636 Euclid Ave,San Diego,92105,Restaurant Meals Program,3858469.12670391,-13033871.522598
Carl's Jr. #192,435 W 13th Ave,Escondido,92025,Restaurant Meals Program,3909646.0860601,-13033102.3049167
R J Liquor,4384 Moraga Ave,San Diego,92117,Convenience Store,3871868.77543896,-13048213.9257918
LA PERLA TAPATIA REDONDO,625 N Redondo Dr,Oceanside,92057,Grocery Store,3929184.49312865,-13057801.8735339
7-Eleven 13569,796 Broadway,Chula Vista,91910,Convenience Store,3845063.39904705,-13033899.3524707
7-Eleven Store 13613B,2275 Garnet Ave,San Diego,92109,Convenience Store,3869121.69837653,-13049794.6625611
Jamacha Liquor Market,1530 Jamacha Rd,El Cajon,92019,Convenience Store,3864560.50256702,-13016411.0604671
KFC #C191022,8890 Cuyamaca St,Santee,92071,Restaurant Meals Program,3873846.82961135,-13022616.0088839
Carl's Jr. #83,996 3rd Ave,Chula Vista,91911,Restaurant Meals Program,3844615.09387093,-13032267.4087357
JACK IN BOX   3071,942 DENNERY RD,SAN DIEGO,92154,Restaurant Meals Program,3839264.62945851,-13028287.7369399
KFC & Long John Silver #C191016,155 Marketplace Ave,San Diego,92113,Restaurant Meals Program,3856052.58608059,-13035526.8434261
Quick Stop Market,728 4th Ave,San Diego,92101,Convenience Store,3857254.24547367,-13042361.8601608
JACK IN THE BOX #21,4751 El Cajon Blvd,San Diego,92115,Restaurant Meals Program,3862939.9401748,-13034602.8916526
Ascendkemet Collective Certified Farmer's Market,4325 Wightman Street,San Diego,92105,Farmers and Markets,3861860.92432967,-13035663.7663998
JACK IN THE BOX 3056,8500 N Magnolia Ave,Santee,92071,Restaurant Meals Program,3872731.44225086,-13020248.2433148
Esperanzas Tortilleria,750 Rock Springs Rd,Escondido,92025,Grocery Store,3911974.39328195,-13035171.7342505
Burger King 4430,825 S. Main Street,Fallbrook,92028,Restaurant Meals Program,3945207.24185471,-13052403.9914253
7-ELEVEN 32326,3251 Business Park Dr,Vista,92081,Convenience Store,3912962.18348774,-13049811.3604847
Addis Market,3643 El Cajon Blvd,San Diego,92104,Other,3862841.98814466,-13037186.6170339
SUBWAY 47434,7625 Linda Vista Rd,San Diego,92123,Restaurant Meals Program,3869007.93499818,-13041867.6016217
Pb Express Market,3503 Ingraham St,San Diego,92109,Convenience Store,3866527.13366607,-13050716.3879449
Mikes Liquor,228 S Kalbaugh St,Ramona,92065,Convenience Store,3899071.27431495,-13012301.144867
Vista Farmers Market,325 South Melrose Drive,Vista,92081,Farmers and Markets,3920699.50996026,-13052947.2305404
Sombrero-#18,1501 E Washington Ave,El Cajon,92019,Restaurant Meals Program,3867109.08321984,-13016275.2506883
McDonald's #3556,7164 Broadway,Lemon Grove,91945,Restaurant Meals Program,3861225.36773488,-13029257.3297047
7-Eleven 13563,197 Palm Ave,Imperial Beach,91932,Convenience Store,3840198.50395523,-13038815.2211842
KFC #C191004,4140 Convoy St,San Diego,92111,Restaurant Meals Program,3871086.57465786,-13041665.0001485
7-Eleven 13588E,1285 Picador Blvd,San Diego,92154,Convenience Store,3838904.38944668,-13030412.8260191
Ongs Restaurant Group Inc Rallys Hamburgers 4008,8667 Jamacha Rd,Spring Valley,91977,Restaurant Meals Program,3857347.52042102,-13025646.1254233
Tavern Road Valero,1140 Tavern Rd,Alpine,91901,Convenience Store,3874281.93752428,-12999973.6244566
Carl's Jr #147,9360 Kearny Mesa Rd,San Diego,92126,Restaurant Meals Program,3881085.57404377,-13037584.027616
Sombrero-#27,5550 Lake Murray Blvd,La Mesa,91942,Restaurant Meals Program,3866293.83227122,-13028206.4737116
Carl's Jr. #546,1100 Broadway,Chula Vista,91911,Restaurant Meals Program,3843641.2252601,-13033474.1120159
Palomar Gas And Car Wash,873 Palomar St,Chula Vista,91911,Convenience Store,3842919.82914169,-13034545.0055173
San Marcos Market,261 Autumn Dr,San Marcos,92069,Grocery Store,3914252.24563066,-13043118.8326982
McDonald's # 1959,827 S Santa Fe Ave,Vista,92083,Restaurant Meals Program,3921065.45969237,-13050563.8802425
WKS Frosty Corp dba Wendys 36620,1111 Camino Del Riio S,Mission Valley,92108,Restaurant Meals Program,3864135.81477795,-13041432.3424127
7-Eleven Store 36485A,500 N 2nd St,El Cajon,92021,Convenience Store,3868849.27731419,-13017231.4851143
CRIC PRO CORPORATION KFC MAIN ST,1025 MAIN STREET,RAMONA,92065,Restaurant Meals Program,3900860.8332824,-13009852.1160696
7-Eleven 13596A,1906 Balboa Ave,San Diego,92109,Convenience Store,3868731.67600324,-13050497.088548
Restaurants Del Sur LLC dba Carl's Jr. # 267,9805 Carroll Canyon Rd,San Diego,92131,Restaurant Meals Program,3882431.79184735,-13037215.5601015
7-Eleven 20785J,2400 Highland Ave,National City,91950,Convenience Store,3850792.81315553,-13034811.0591003
Clown Market Liquor,8690 Aero Dr,San Diego,92123,Convenience Store,3870122.43967604,-13040085.3765741
Super Discount Store Inc,1053 8th Ave,San Diego,92101,Convenience Store,3857704.88275129,-13041900.997469
San Ysidro Liquor,3269 Beyer Blvd,San Ysidro,92173,Convenience Store,3838067.43844154,-13031399.1167075
Lakeside Discount Liquor,8909 Winter Gardens Blvd,Lakeside,92040,Convenience Store,3873902.34339746,-13016973.2238956
MZM Fds Inc dba Jack in The Box 8,4815 Voltaire St,San Diego,92107,Restaurant Meals Program,3862154.89076806,-13051492.2847957
Noelia's Party Boutique & Market,3701 University Ave,San Diego,92105,Convenience Store,3862095.19685501,-13036942.827349
7-Eleven 35683,8747 La Mesa Blvd,La Mesa,91942,Convenience Store,3863994.82922909,-13026812.7536868
7-eleven Store 27163E,2295 Palm Ave,San Diego,92154,Convenience Store,3840182.38610225,-13033783.5802003
Burger King 3947,6135 El Cajon Blvd,San Diego,92115,Restaurant Meals Program,3863740.92711395,-13031686.3209938
Babaz Grill,4672 University Ave,San Diego,92105,Restaurant Meals Program,3862134.63980581,-13034804.3799309
GOLDEN GATE MARKET,3807 National Ave,San Diego,92113,Convenience Store,3855022.61407652,-13036882.714824
College Arco,5111 College Ave,San Diego,92115,Convenience Store,3864940.32515378,-13032153.8628551
Arco-Home,4333 Home Ave,San Diego,92105,Convenience Store,3859074.76168181,-13035711.6337809
Summit Pizza West LLC Pizza Hut #027625,2931 Beyer Blvd,San Diego,92154,Restaurant Meals Program,3839052.47358206,-13031904.5071957
Jack in The Box #71,1655 Capalina Rd,San Marcos,92069,Restaurant Meals Program,3915423.84775812,-13046318.1548636
WKS Frosty Corp,1621 Grand Ave,San Diego,92109,Restaurant Meals Program,3868483.10142186,-13051065.931146
SUBWAY 50758,1111 6TH Ave,San Diego,92101,Restaurant Meals Program,3857801.33671204,-13042077.9954593
DIVISION MARKET,5402 Division St,San Diego,92114,Convenience Store,3854452.90062689,-13033016.5889087
The Center Market,590 Palm Cayon Drive,Borrego Springs,92004,Grocery Store,3929407.33673926,-12955357.8857415
7-Eleven 34235,2387 Midway Dr,San Diego,92110,Convenience Store,3861529.77415768,-13046643.2077768
7 Eleven Store 22481B,10205 Lake Jennings Park Rd,Lakeside,92040,Convenience Store,3876899.41688362,-13013414.339775
Rallys 4279,3382 Murphy Canyon Rd,San Diego,92123,Restaurant Meals Program,3869481.40448677,-13037335.7851515
Belvedere Liquor,10769 Woodside Ave,Santee,92071,Convenience Store,3874069.68128791,-13020460.8635422
Joes 99 C& Up,5079 El Cajon Blvd,San Diego,92115,Convenience Store,3863062.64609613,-13033852.5982846
Jack in the Box #99,370 E H St,Chula Vista,91910,Restaurant Meals Program,3847633.41955411,-13029866.2473193
Liquor Mart,2643 Lemon Grove Ave,Lemon Grove,91945,Convenience Store,3860066.1806004,-13027964.9104166
Rocket 0047,911 E Vista Way,Vista,92084,Convenience Store,3923311.16088498,-13050159.7904909
Lews Market,3302 Imperial Ave,San Diego,92102,Grocery Store,3856449.20085657,-13038007.041681
Gtm Discount General Stores,7663 Broadway,Lemon Grove,91945,Other,3861114.72456488,-13028047.2868397
Twins Liquor,3602 Meade Ave,San Diego,92116,Convenience Store,3863139.9501587,-13037183.2774491
El Norte Arco,450 W El Norte Pkwy,Escondido,92026,Convenience Store,3914454.06339089,-13035256.3370635
JACK IN THE BOX 12,890 Palm Ave,Imperial Beach,91932,Restaurant Meals Program,3840250.95318603,-13037130.9572885
Midway Shell,3425 Midway Dr,San Diego,92110,Convenience Store,3862244.7631052,-13048051.3993353
SUBWAY 1945,1558 N. Magnolia Ave.  Suite A,El Cajon,92020,Restaurant Meals Program,3871369.51207131,-13020262.7148486
Restaurants Del Sur LLC dba Carls Jr 284,8110 Parkway Dr,La Mesa,91942,Restaurant Meals Program,3865609.44638005,-13026895.13011
Jack in The Box J29,5155 College Ave,San Diego,92115,Restaurant Meals Program,3865091.78100417,-13032134.9385417
Jack in the Box 23,2959 Upas St,San Diego,92104,Restaurant Meals Program,3860959.74646331,-13038868.6545398
Sprouts Farmers Market 227,1260 Garnet Ave,San Diego,92109,Supermarket,3868576.59769186,-13051883.0162084
Keg N Bottle Lemon Grove,1827 Massachusetts Ave,Lemon Grove,91945,Convenience Store,3858767.90450523,-13028892.2017749
JACK IN THE BOX 68,4011 BONITA RD,BONITA,91902,Restaurant Meals Program,3850059.34501252,-13028917.8052577
Jack in the Box #3077,2890 National Ave,San Diego,92113,Restaurant Meals Program,3855043.77879273,-13039077.9351824
Summit Pizza West LLC Pizza Hut #027770,2695 Mission Village Dr,San Diego,92123,Restaurant Meals Program,3868071.91204923,-13038133.9459005
Tamales Jovita,158 W Grand Ave,Escondido,92025,Restaurant Meals Program,3911385.69359709,-13033590.9974812
KFC #C191006,12660 Poway Rd,Poway,92064,Restaurant Meals Program,3889287.24925037,-13030726.7469831
Pizza Hut # 033367,855 S Main Ave,Fallbrook,92028,Restaurant Meals Program,3945333.88036014,-13052513.0845263
Pizza Hut #027240,1836 Oceanside Blvd,Oceanside,92054,Restaurant Meals Program,3921057.34508805,-13064328.5352791
Grubz Takeout,3611 College Ave,San Diego,92115,Restaurant Meals Program,3861720.0983398,-13030928.2352615
Oakshores Malt Shop,2425 Lake Morena Dr,Campo,91906,Convenience Store,3852940.8527672,-12970062.0772804
7-ELEVEN 33990 33990,1693 MELROSE DR.,SAN MARCOS,92078,Convenience Store,3909520.89854068,-13049203.556065
N Farooqi Enterprises LLC dba Jack in the Box 80,3138 E Plaza Blvd.,National City,91950,Restaurant Meals Program,3853195.58065183,-13032461.1046497
GLENS MARKET,2861 University Ave,San Diego,92104,Convenience Store,3861959.92706625,-13039094.6331061
Sprouts Farmers Market 213,11710 Carmel Mountain Rd,San Diego,92128,Supermarket,3892810.56877852,-13033314.9251441
Barrios Foods Inc dba Rallys 4077,1261 E Main St,El Cajon,92021,Restaurant Meals Program,3868071.91204923,-13017553.1984427
Sprouts Farmers Market 224,1327 Encinitas Blvd,Encinitas,92024,Supermarket,3901402.38916359,-13053381.3765545
Jack in the Box 31,1110 C St,San Diego,92101,Restaurant Meals Program,3857794.72118886,-13041574.8313609
Base Liquor,3201 National Ave,San Diego,92113,Convenience Store,3855016.00011048,-13038318.7362552
KFC #C191003,4545 El Cajon Blvd,San Diego,92115,Restaurant Meals Program,3862845.56205578,-13035150.5835473
Johns Market 01,650 Valley Ave,Solana Beach,92075,Convenience Store,3893695.47929551,-13053133.13409
PIZZA HUT 29618,8214 Mira Mesa Blvd,San Diego,92126,Restaurant Meals Program,3883761.58867507,-13040686.5018244
Carl's Jr. #288,9355 Clairemont Mesa Blvd,San Diego,92123,Restaurant Meals Program,3872905.255014,-13038588.129423
Parkside Market,3209 Thorn St,San Diego,92104,Grocery Store,3860722.05556958,-13038265.3028997
Twin Oaks Market,2148 N Twin Oaks Valley Rd,San Marcos,92069,Convenience Store,3919579.11810466,-13041740.6974022
7-Eleven 21795,1595 E Vista Way,Vista,92084,Convenience Store,3924913.08407114,-13049549.7596814
Miramar Cash & Carry,9262 Miramar Rd,San Diego,92126,Super Store,3881208.46934677,-13038580.3370586
McDonald's 5458,8929 Clairemont Mesa,San Diego,92123,Restaurant Meals Program,3872901.67804863,-13039495.3832729
Carl's Jr. #632,2365 Roll Dr,San Diego,92154,Restaurant Meals Program,3836427.39196638,-13017370.6344778
Primera Market & Gas,120 E Calle Primera,San Ysidro,92173,Convenience Store,3835776.95720433,-13029373.1019751
Eddies Market,415 N Santa Fe Ave,Vista,92084,Grocery Store,3922570.6170144,-13051640.3397185
Broadway Deli and Market,927 Broadway,San Diego,92101,Convenience Store,3857627.61430347,-13041734.0182328
Kentucky Fried Chicken (D742010),745 Carlsbad Village Dr,Carlsbad,92008,Restaurant Meals Program,3916654.47581139,-13062904.7589918
Jack in The Box #3070,947 Otay Lakes Rd,Chula Vista,91913,Restaurant Meals Program,3847790.33803618,-13023522.149539
Magic Market,4825 Cass St,San Diego,92109,Convenience Store,3869138.78284377,-13052563.1782971
Del Taco 1212,7060 Broadway,Lemon Grove,91945,Restaurant Meals Program,3861217.8238494,-13029528.9492622
Jack in The Box J90,1619 Pacific Hwy,San Diego,92101,Restaurant Meals Program,3858503.39711275,-13043391.5654507
Kentucky Fried Chicken (D742008),4100 Oceanside Blvd,Oceanside,92056,Restaurant Meals Program,3922727.87553671,-13056557.3216268
Kentucky Fried Chicken (D742006),771 Center Dr,San Marcos,92069,Restaurant Meals Program,3913145.23494115,-13037884.5902411
Kentucky Fried Chicken (D742011),3747 Mission Ave,Oceanside,92058,Restaurant Meals Program,3925056.66781545,-13061396.3798916
Harvest Ranch Market #2 ,162 S Rancho Santa Fe Rd,Encinitas,92024,Other,3900077.22851306,-13050927.8949774
Kentucky Fried Chicken (D742004),639 N Broadway,Escondido,92025,Restaurant Meals Program,3912296.33644314,-13033804.7309036
Kentucky Fried Chicken (D742007),2429 E Valley Pkwy,Escondido,92027,Restaurant Meals Program,3914103.21117267,-13029053.6150365
Kentucky Fried Chicken (D742005),840 E Vista Way,Vista,92084,Restaurant Meals Program,3923272.04366347,-13050478.1642346
Wienerschnitzel #545,1960 Oceanside Blvd,Oceanside,92054,Restaurant Meals Program,3921227.2208529,-13063828.7107654
Lakeside Valero,12106 Woodside Ave,Lakeside,92040,Convenience Store,3876265.43330728,-13016697.1515585
Harvest Ranch Market #1 ,759 Jamacha Rd,El Cajon,92019,Grocery Store,3866944.3601102,-13016270.7979087
La Carniceria Meat Market - Chula Vista 1,67 Broadway,Chula Vista,91910,Specialty Store,3848403.49020006,-13034980.2647263
Sky Market 1,1904 E Palomar St,Chula Vista,91913,Convenience Store,3845841.89385506,-13021716.5473983
Fast Break Food & More,5171 Zion Ave,San Diego,92120,Convenience Store,3867812.75755696,-13033472.998821
Dollar General 23225,872 Palm Canyon Dr,Borrego Springs,92004,Other,3929426.24003768,-12953978.6372506
7-eleven Store 20342e 20342E,487 Vandegrift Blvd,Oceanside,92057,Convenience Store,3929147.35294198,-13057768.4776866
Andres Latin Market,1249 Morena Blvd,San Diego,92110,Grocery Store,3864950.38684571,-13046813.5265977
Subway #33342,6915 Paradise Valley Rd,San Diego,92139,Restaurant Meals Program,3853887.31492687,-13029757.1542183
ALDI 79060,671 S Rancho Santa Fe Rd,San Marcos,92078,Supermarket,3912893.19098352,-13047302.2191622
Denny's #8174,510 W Mission Ave,Escondido,92025,Restaurant Meals Program,3912382.07424902,-13034693.0604401
BB's Deli,1321 5th Ave,San Diego,92101,Restaurant Meals Program,3858087.52779524,-13042180.4093909
The Boulevard Wine & Spirits,4245 El Cajon Blvd,San Diego,92105,Convenience Store,3862810.22009345,-13035926.4803981
LUCY'S BAKERY,1043 Elkelton Blvd,Spring Valley,91977,Restaurant Meals Program,3857320.26553747,-13026265.0617921
Country Wine & Spirits,3604 Midway Dr,San Diego,92110,Convenience Store,3862528.01766326,-13048366.4334942
Varso Gas,2306 S Escondido Blvd,Escondido,92025,Convenience Store,3907770.00865671,-13032324.181676
Rice Pantry,205 W Mission Ave,Escondido,92025,Grocery Store,3912463.16019536,-13034117.5386727
Big Boy Market,29 Broadway,Chula Vista,91910,Convenience Store,3848582.62970382,-13034999.1890398
City Mart,1223 Market St,San Diego,92101,Convenience Store,3857026.55185443,-13041418.9840738
Santa Fe Mercado,2514 Main St,Chula Vista,91911,Grocery Store,3841692.40709467,-13033225.8695514
Arco Ampm 83117 42682,133 W 8th St,National City,91950,Convenience Store,3852314.24025673,-13036434.0972761
Stars & Stripes Imperial Beach,681 Highway 75,Imperial Beach,91932,Convenience Store,3840241.83730808,-13037574.0088618
Villagio Mart,1750 E Palomar St,Chula Vista,91913,Convenience Store,3846460.4967153,-13022664.9894599
Kens Liquor,132 E Mission Ave,Escondido,92025,Convenience Store,3912695.91986946,-13033804.7309036
Circle K 2654185,2535 Otay Center Dr,San Diego,92154,Convenience Store,3836250.54941912,-13017847.0818984
7-Eleven Store 37624B,3295 Palm Ave,San Diego,92154,Convenience Store,3840175.78043113,-13031335.6645978
Hidden Certified Farmers' Market,123 Woodward Ave,Escondido,92025,Farmers and Markets,3911929.73134831,-13033871.522598
Anderson's Market Liquor And Deli,4131 Home Ave,San Diego,92105,Convenience Store,3858669.9871204,-13036208.1187098
Dulceria San Diego ,10761 Jamacha Blvd,Spring Valley,91978,Convenience Store,3859399.88814893,-13020104.6411716
El Pollo Loco #3922,666 H St,Chula Vista,91910,Restaurant Meals Program,3846283.50425978,-13034639.6270845
Popeyes 14261,880 Broadway,Chula Vista,91911,Restaurant Meals Program,3844680.25037844,-13033774.6746411
Cali Stack Burgers & Grill,12336 Woodside Ave,Lakeside,92040,Restaurant Meals Program,3876417.56504423,-13016179.5159263
Beyer Market & Liquor,750 Beyer Way,San Diego,92154,Convenience Store,3839926.3529858,-13031317.8534792
Giant Pizza King,6585 Osler St,San Diego,92111,Restaurant Meals Program,3867714.2353218,-13043971.5399977
Palm City Liquor,688 Hollister St,San Diego,92154,Convenience Store,3840218.1889038,-13033784.6933952
7-Eleven Store 21453E 21453E,5650 Baltimore Dr,La Mesa,91942,Convenience Store,3866460.53239935,-13028092.927831
Jack in the Box #98,2474 Vista Way,Oceanside,92054,Restaurant Meals Program,3919691.77759283,-13061463.1715861
Mike's Liquor #2 1,3549 Mission Ave,Oceanside,92058,Convenience Store,3924895.25266397,-13061580.0570514
Marukai San Diego1,8151 Balboa Ave,San Diego,92111,Super Store,3871629.80460405,-13040837.8963319
Arco 42899 42899,2015 E Valley Pkwy,Escondido,92027,Convenience Store,3913536.20630396,-13030073.3015722
Noodles & Company #559,3650 Rosecrans St,San Diego,92110,Restaurant Meals Program,3862329.07695153,-13047275.5024845
Neighborhood Farms Market,3501 National Ave,San Diego,92113,Convenience Store,3854998.93609522,-13037597.3859549
Handy Market,215 S 30th St,San Diego,92113,Convenience Store,3856075.7370105,-13038791.8440911
Centre City Shell No 2,3810 Massachusetts Ave,La Mesa,91941,Convenience Store,3861718.11302302,-13029182.7456458
Kiskeya Market 1,4938 El Cajon Blvd,San Diego,92115,Grocery Store,3863066.74955247,-13034201.0282908
Taco Bell #41604,9825 Mission Gorge Rd,Santee,92071,Restaurant Meals Program,3873869.08809078,-13022464.6143765
Del Taco #109,9822 N Magnolia Ave,Santee,92071,Restaurant Meals Program,3876195.72900532,-13021191.1194018
Mercato Market,4154 University Ave,San Diego,92105,Grocery Store,3862145.75797685,-13036092.3464394
Subway 17639,3308 University Ave,San Diego,92104,Restaurant Meals Program,3862067.53392461,-13037940.2499865
7-eleven Store 27771b 27771B,1771 Oro Vista Rd,San Diego,92154,Convenience Store,3837662.85406336,-13033115.6632556
DOLLARTREE 10549,7908 El Cajon Blvd,La Mesa,91942,Other,3864720.55876269,-13027406.0865728
One Ten Liquor & Market,110 National City Blvd,National City,91950,Convenience Store,3853114.90300156,-13036536.5112076
TB #41601,340 E H St,Chula Vista,91910,Restaurant Meals Program,3847733.36065491,-13030035.4529453
TB #41608,696 E St,Chula Vista,91910,Restaurant Meals Program,3847627.8672955,-13035183.9793945
DOLLARTREE 10509,1030 3rd Ave,Chula Vista,91911,Other,3844382.22506672,-13032337.5400149
Taco Bell #41620,632 Dennery Rd,San Diego,92154,Restaurant Meals Program,3839987.38824177,-13028070.6639328
TB #41602,1090 Outer Rd,San Diego,92154,Restaurant Meals Program,3839261.19477521,-13033411.7731011
Pepes Grill,2937 Coronado Ave,San Diego,92154,Restaurant Meals Program,3839087.3482597,-13032170.5607787
McDONALD'S NSN 6647,727 E San Ysidro Blvd,San Ysidro,92173,Restaurant Meals Program,3834981.56031583,-13027619.8199951
TB #41599,1944 E Valley Pkwy,Escondido,92027,Restaurant Meals Program,3913553.88739945,-13030253.6391473
Taco Bell #41613,1548 E H St,Chula Vista,91913,Restaurant Meals Program,3848219.46189041,-13024057.5962897
DOLLARTREE 10505,2320 Fletcher Pkwy,El Cajon,92020,Other,3869216.65654338,-13023946.2767989
Mother's Nutritional Center MNC 247,1107 E Valley Pkwy,Escondido,92025,Supermarket,3912548.89922684,-13031984.6572291
Taco Bell #41616,7232 Broadway,Lemon Grove,91945,Restaurant Meals Program,3861227.3529687,-13029053.6150365
TB #41606,1561 N Magnolia Ave,El Cajon,92020,Restaurant Meals Program,3871436.80343126,-13020143.6029934
Taco Bell #41611,2827 Navajo Rd,El Cajon,92020,Restaurant Meals Program,3869068.5910049,-13024873.5681572
DOLLARTREE 10565,9751 Mission Gorge Rd,Santee,92071,Other,3873713.41210862,-13022712.8568409
East County Gas & Liquor 1,8575 Los Coches Rd,El Cajon,92021,Convenience Store,3872981.56386755,-13013763.8829761
Mission Gorge Farmers Market,10407 Friars Rd,San Diego,92120,Grocery Store,3867520.23897506,-13035448.9197826
DOLLARTREE 10503,1766 E Main St,El Cajon,92021,Other,3870693.97052653,-13015295.6391694
California Keg & Liquor No. 2,6802 El Cajon Blvd,San Diego,92115,Convenience Store,3864665.48541779,-13030096.6786652
TB #41597,11688 Carmel Mountain Rd,San Diego,92128,Restaurant Meals Program,3892635.93026862,-13033277.0765172
TB #41609,1925 Main Street,Ramona,92065,Restaurant Meals Program,3899749.38098287,-13011409.4757458
DOLLARTREE 10526,12369 Poway Rd,Poway,92064,Other,3888770.5299219,-13031412.4750464
Encinitas 9051,1560 Leucadia Blvd,Encinitas,92024,Specialty Store,3904392.15462333,-13053913.4837205
McDonald's NSN 6773,2140 E Plaza Blvd,National City,91950,Restaurant Meals Program,3852538.66898814,-13033611.0349896
Origins Grocer,2855 El Cajon Blvd,San Diego,92104,Other,3862820.80943434,-13039110.2178348
7- Eleven Store 38248A,7488 Mesa College Dr,San Diego,92111,Convenience Store,3868999.85638331,-13042165.937857
San Diego Halal Meat Llc,120 S Mollison Ave,El Cajon,92020,Grocery Store,3868046.08904123,-13018951.371247
Mission Gorge Market,7757 Mission Gorge Rd,Santee,92071,Convenience Store,3873639.61578842,-13027391.615039
Party Time Market,644 E San Ysidro Blvd,San Ysidro,92173,Convenience Store,3835319.49512708,-13028165.2855
DOLLARTREE 10562,1862 Palm Ave,San Diego,92154,Other,3840288.73791438,-13034779.8896429
Sundance Market,909 S 47th St,San Diego,92113,Convenience Store,3855095.23566725,-13034777.6632531
DOLLARTREE 10575,155 S Rancho Santa Fe Rd,San Marcos,92078,Other,3914831.51717693,-13046511.8507776
University Wine & Spirits,7232 University Ave,La Mesa,91942,Convenience Store,3862925.37968639,-13029075.8789347
Papa John's #1336,245 W El Norte Pkwy,Escondido,92026,Restaurant Meals Program,3913768.45561115,-13034724.2298975
Papa John's #1597,1201 E Main St,El Cajon,92021,Restaurant Meals Program,3868074.42814022,-13017592.1602644
Sakata Mini Mart,6181 University Ave,San Diego,92115,Other,3862610.21570387,-13031355.7021061
Jameson's Liquor,39335 Old Highway 80,Boulevard,91905,Convenience Store,3851312.36410438,-12946715.0404764
Papa John's #1976,1710 Oceanside Blvd,Oceanside,92054,Restaurant Meals Program,3920877.6280051,-13064485.4957611
Papa John's #1599,4225 Oceanside Blvd,Oceanside,92056,Restaurant Meals Program,3922880.74562804,-13055923.9137242
Papa John's #3390,1001 Broadway,San Diego,92101,Restaurant Meals Program,3857598.37414952,-13041679.4716823
Krisp East Village,969 Market St,San Diego,92101,Convenience Store,3857029.06558918,-13041745.1501819
India St Shell,3535 India St,San Diego,92103,Convenience Store,3860810.32885566,-13044176.3678608
Hacienda's Mexican Food,660 El Cajon Blvd,El Cajon,92020,Restaurant Meals Program,3867339.35515794,-13021480.5500778
Papa John's #3302,407 N Twin Oaks Valley Rd,San Marcos,92069,Restaurant Meals Program,3914496.20891063,-13042334.0302881
UCSD HDH Foodworx,9457 Campus Point Dr,La Jolla,92093,Convenience Store,3879370.21181696,-13049269.2345646
DOLLARTREE 10554,1320 Highland Ave,National City,91950,Other,3851981.2418985,-13035259.6766482
DOLLARTREE 10563,5931 University Ave,San Diego,92115,Other,3862119.02144038,-13032074.8260166
#2032 Clairemont McDonalds,5065 Clairemont Dr,San Diego,92117,Restaurant Meals Program,3873184.2616635,-13046858.054394
#1529 Lake Murray Mcdonalds,8770 Lake Murray Blvd,San Diego,92119,Restaurant Meals Program,3869037.7332157,-13025682.8608553
Papa John's #2342,4089 Genesee Ave,San Diego,92111,Restaurant Meals Program,3871057.30109094,-13044439.081859
Papa Johns #1339,688 Hollister St,San Diego,92154,Restaurant Meals Program,3840218.1889038,-13033784.6933952
DOLLARTREE 10581,121 Louisiana Ave,San Ysidro,92173,Other,3835698.37917729,-13028632.8273613
Papa John's #1977,1085 3rd Ave,Chula Vista,91911,Restaurant Meals Program,3844224.95531141,-13032073.7128217
LUCY'S BAKERY,31 31st St,San Diego,92102,Restaurant Meals Program,3856342.70358567,-13038541.3752368
Oscar's Market & Liquor Store,4210 Market St,San Diego,92102,Convenience Store,3857097.73044531,-13035999.951262
Papa John's #1335,1130 E Plaza Blvd,National City,91950,Restaurant Meals Program,3852482.72671922,-13034993.6230652
Continent Deli,4150 Regents Park Row,La Jolla,92037,Grocery Store,3878487.44139658,-13048596.8648402
Cost Mart,3347 El Cajon Blvd,San Diego,92104,Convenience Store,3862852.18041256,-13037885.703436
ALDI 79083,9340 Mira Mesa Blvd,San Diego,92126,Supermarket,3884466.26040029,-13038108.3424176
BAMBINO'S PIZZARIA & DELI 4,762 N Johnson Ave,El Cajon,92020,Restaurant Meals Program,3869465.64393728,-13021216.7228847
New York Giant Pizza,356 El Cajon Blvd,El Cajon,92020,Restaurant Meals Program,3867760.18577784,-13021110.9693684
Wilsons Market & Liquor,916 E 8th St,National City,91950,Convenience Store,3852702.1330224,-13035220.7148265
Cheers Liquor & Delicatessen,6983 Navajo Rd,San Diego,92119,Convenience Store,3869322.74042215,-13029377.5547547
Divine Wine & Spirits 1,6585 Osler St,San Diego,92111,Convenience Store,3867714.2353218,-13043971.5399977
Oceanside Mobil 1,1407 Mission Ave,Oceanside,92058,Convenience Store,3922007.32430082,-13065548.5968982
Dons Market,30250 Highway 78,Santa Ysabel,92070,Grocery Store,3909795.19651292,-12988138.1361954
DOLLARTREE 10566,4140 Clairemont Mesa Blvd,San Diego,92117,Other,3872815.83120614,-13046899.2426056
El Pollo Loco #3564-WKS Restaurant Corp,8349 Mira Mesa Blvd,San Diego,92126,Restaurant Meals Program,3883710.53675924,-13040472.7684021
7 Eleven 18547C,4300 Main St,Chula Vista,91911,Convenience Store,3841598.19856061,-13028864.3719022
McDonald's #13410,5920 Balboa Ave,San Diego,92111,Restaurant Meals Program,3871525.15704131,-13044195.2921742
Rincon Travel Plaza,33740 Valley Center Rd,Valley Center,92082,Convenience Store,3930590.1832987,-13019279.7637449
Pacific Beach AmPm 42067,1875 Grand Ave,San Diego,92109,Convenience Store,3868602.81915867,-13050536.0503698
Brunos Market Meat And Produce,2988 Imperial Ave,San Diego,92102,Supermarket,3856437.16198647,-13038820.7871587
Major Marketplace 4,5256 S Mission Rd,Bonsall,92003,Supermarket,3934682.81563094,-13049141.2171502
Snack N Go Mart 1,415 Parkway Plz,El Cajon,92020,Convenience Store,3869488.42389796,-13020724.6907354
The Sizzling Pizza,10769 Woodside Ave,Santee,92071,Restaurant Meals Program,3874030.33083354,-13020433.0336695
Mixon Thirty Three,1427 1st Ave,San Diego,92101,Convenience Store,3858238.36638821,-13042587.8387272
El Pollo Loco #3565-WKS Restaurant Corp,4330 Genesse Avenue,San Diego,92117,Restaurant Meals Program,3871711.13892213,-13044834.2660514
McDonald's #2902,9035 Mira Mesa Blvd,San Diego,92126,Restaurant Meals Program,3884086.33709915,-13038883.1260736
TRADER JOE'S VISTA 259,1861 University Drive,VISTA,92083,Supermarket,3917907.97507796,-13048690.3732124
Uncle Joey's Pizza & Grill,7520 El Cajon Blvd,La Mesa,91942,Restaurant Meals Program,3864610.01516951,-13028308.8876431
Fresh Garden Market 2 2,2540 E 18th St,National City,91950,Grocery Store,3852154.22001718,-13032963.1555532
ALDI 79102,5270 Balboa Ave,San Diego,92117,Supermarket,3871408.98609013,-13044736.3048995
Chucks Market,604 S 38th St,San Diego,92113,Convenience Store,3855500.94592322,-13036922.7898407
DOLLARTREE 10557,265 Marketplace Ave,San Diego,92113,Other,3855961.70258327,-13035461.1649266
El Pollo Loco #3562 - WKS Restaurant Corp,494 Broadway,El Cajon,92021,Restaurant Meals Program,3869809.20221094,-13019571.4208107
El Pollo Loco #3563-WKSRestaurant COrp,3444 Midway Dr,San Diego,92110,Restaurant Meals Program,3862276.52963271,-13048087.0215723
McDonald's #11206,2646 Jamacha Rd,El Cajon,92019,Restaurant Meals Program,3861381.80518457,-13016908.658591
La Costenita,2312 Morley St,San Diego,92111,Convenience Store,3866843.8589586,-13043470.6022891
Land Liquor,3676 Ocean View Blvd,San Diego,92113,Convenience Store,3855745.67518601,-13037201.0885677
Ideal Market & Liquor,3101 National Ave,San Diego,92113,Convenience Store,3854985.31135656,-13038534.6960674
M Fuel II,3377 Sandrock Rd,San Diego,92123,Convenience Store,3869355.05580113,-13039916.1709481
McDonald's #3403,8730 Jamacha Blvd,Spring Valley,91977,Restaurant Meals Program,3856470.8973128,-13025380.0718403
McDonald's #5579,3781 Avocado Blvd,La Mesa,91941,Restaurant Meals Program,3861839.74738164,-13020073.4717142
TRADER JOE'S POWAY 265,13644 Poway Road.,POWAY,92064,Supermarket,3889701.70246782,-13028326.6987616
McDonald's #5204,1695 E Main St,El Cajon,92021,Restaurant Meals Program,3870310.51860726,-13015307.8843134
McDonald's #3929,1414 University Ave,San Diego,92103,Restaurant Meals Program,3862013.53183603,-13041165.1756348
McDonald's #25567,3879 Fairmount Ave,San Diego,92105,Restaurant Meals Program,3862026.10582967,-13035581.3899766
Third Ave Ampm 42069,798 3rd Ave,Chula Vista,91910,Convenience Store,3845551.37316271,-13032590.235259
McDonald's #15396,1624 Rosecrans St,San Diego,92106,Restaurant Meals Program,3859246.38817121,-13049622.1173504
Conserv Fuel 6128,1945 La Media Pkwy,Chula Vista,91913,Convenience Store,3843014.57677403,-13022147.3538277
Ascendkemet Collective Certified Marina District 2,655 Columbia Street,San Diego,92101,Farmers and Markets,3857143.63954113,-13042961.8722162
Sombrero #12,1215 W Main St,El Cajon,92020,Restaurant Meals Program,3868091.11380983,-13021963.6766679
Ariana International Market,787 Arnele Ave,El Cajon,92020,Other,3869302.47713549,-13021262.3638759
McDonald's #36374,16440 Bernardo Center Dr,San Diego,92128,Restaurant Meals Program,3897061.08558109,-13033130.1347894
Sombrero #11 Mission George,6718 Mission Gorge Rd,San Diego,92120,Restaurant Meals Program,3868184.47454036,-13035048.1696157
Sprouts Farmers Market 496,690 3rd Ave,Chula Vista,91910,Supermarket,3845985.04202473,-13032741.6297665
Sprouts Farmers Market 497,878 Eastlake Pkwy,Chula Vista,91914,Supermarket,3849130.77378283,-13021095.3846397
7-Eleven 33100,4080 Convoy St,San Diego,92111,Convenience Store,3871012.79481196,-13041653.8681994
Sombrero #16 Copley Park,7740 Copley Park Pl,San Diego,92111,Restaurant Meals Program,3873663.33125196,-13041406.7389298
DOLLARTREE 9835,8745 Broadway,La Mesa,91941,Other,3862397.24321787,-13025511.4288395
La Sorpresa Barata,850 E Valley Pkwy,Escondido,92025,Grocery Store,3912371.30714114,-13032337.5400149
Party Time Liquor #4,3435 Euclid Ave,San Diego,92105,Convenience Store,3861087.46097667,-13034628.4951354
Fallbrook S. Main Ave Certified Farmers Market 0304,111 S Main Ave,Fallbrook,92028,Farmers and Markets,3946086.54153568,-13052398.4254508
Sweet & Green,484 E Main St,El Cajon,92020,Restaurant Meals Program,3868147.65986603,-13019544.7041329
Wash House San Diego Chollas Creek LLC,4704 Market St,San Diego,92102,Convenience Store,3857143.11032863,-13034755.3993549
Excalibur Liquor,5575 Baltimore Dr,La Mesa,91942,Convenience Store,3866142.2285635,-13027979.3819504
Al Baraka Halal Market,502 E Main St,El Cajon,92020,Grocery Store,3868158.25400512,-13019503.5159214
Amazon Fresh MAI8,14837 Pomerado Rd,Poway,92064,Super Store,3892823.70658325,-13031160.8929972
El Guapo Smoke Shop & Market,4511 El Cajon Blvd,San Diego,92115,Convenience Store,3862838.54660164,-13035199.5641232
Campus Liquor,5425 El Cajon Blvd,San Diego,92115,Convenience Store,3863170.79250322,-13033135.7007639
European Food Market,4171 Oceanside Blvd,Oceanside,92056,Grocery Store,3922692.35248688,-13056182.1749428
JACK IN THE BOX #77,1056 Main St,Ramona,92065,Restaurant Meals Program,3900778.76545181,-13009834.3049511
Big Time Market & Liquor,2101 Saipan Dr,San Diego,92139,Convenience Store,3853188.96770895,-13030664.4080683
McDonald's #917,619 Broadway,Chula Vista,91910,Restaurant Meals Program,3845893.83938952,-13034116.4254778
Daygo Smoke & Market 1,2150 Imperial Ave,San Diego,92102,Convenience Store,3856406.33724318,-13040450.5045039
Giant Pizza King 17,419 Telegraph Canyon Rd,Chula Vista,91910,Restaurant Meals Program,3846172.07571537,-13029478.8554913
McDonald's #10807,6925 Paradise Valley Rd,San Diego,92139,Restaurant Meals Program,3854028.57654425,-13029427.6485256
Al's Food Market,2955 K St,San Diego,92102,Convenience Store,3856635.47416962,-13038908.7295564
McDonald's #24113,2482 Northside Dr,San Diego,92108,Restaurant Meals Program,3866610.55129074,-13038625.9780498
Palomar Ice Cream And Candy,322 Palomar St,Chula Vista,91911,Convenience Store,3843269.09090539,-13031887.8092721
Luccas Pizza And Market,2195 Station Village Way,San Diego,92108,Convenience Store,3865493.33377877,-13040188.9037006
National City Market,240 E 18th St,National City,91950,Convenience Store,3851288.16460923,-13035601.427485
7-Eleven 16057H,1102 E Washington Ave,El Cajon,92019,Convenience Store,3867207.60039275,-13018177.700786
Vine Ripe Market,678 Jamacha Rd,El Cajon,92019,Supermarket,3867209.05697004,-13016475.6257718
Stars & Stripes Escondido,750 N Escondido Blvd,Escondido,92025,Convenience Store,3912433.7830907,-13034234.424138
Popeyes Louisiana Kitchen #12232,1541 E Valley Pkwy,Escondido,92027,Restaurant Meals Program,3912956.0685287,-13031084.0825486
El Pollo Loco #3923,1535 Palm Ave,San Diego,92154,Restaurant Meals Program,3840139.05296691,-13035558.0128836
Baja Marketplace LLC,2004 Dairy Mart Rd,San Diego,92173,Supermarket,3837242.56588706,-13031422.4938006
Barwaaqo Market,6179 University Ave,San Diego,92115,Grocery Store,3862574.47735492,-13031317.8534792
7-eleven Store 32290c 32290C,8395 Otay Mesa Rd,San Diego,92154,Convenience Store,3837986.7318031,-13020266.0544333
Denny's #9504,605 College Blvd,Oceanside,92057,Restaurant Meals Program,3927628.70041808,-13056709.8293292
Tom's #24,1110 Sycamore Ave,Vista,92081,Restaurant Meals Program,3916101.04278344,-13049206.8956497
Denny's #7680,4365 University Ave,San Diego,92105,Restaurant Meals Program,3862088.71128177,-13035584.7295613
California Produce Market LLC,1736 E Plaza Blvd,National City,91950,Other,3852388.8289437,-13034061.8789273
Wendy's #144,2655 S Melrose Dr,Vista,92081,Restaurant Meals Program,3913534.61101846,-13051650.3584726
Tom's #22; Tom's Famous Family Restaurant 22,1205 W San Marcos Blvd,San Marcos,92078,Restaurant Meals Program,3912929.21592039,-13045983.0831963
Barons Market 5,4001 W Point Loma Blvd,San Diego,92110,Other,3862623.84925072,-13049127.8588113
Savios Giant Pizza and Deli,4211 Market St,San Diego,92102,Restaurant Meals Program,3857028.53638182,-13036001.0644569
Denny's #8175,9898 Mira Mesa Blvd,San Diego,92131,Restaurant Meals Program,3884324.1026676,-13037010.7322384
Moonlight Liquor,1526 S Santa Fe Ave,Vista,92084,Convenience Store,3919567.0142575,-13048601.3176198
Denny's #9503,487 Harbor Dr S,Oceanside,92054,Restaurant Meals Program,3923076.06037897,-13067541.2157834
Denny's #8039,2273 S El Camino Real,Oceanside,92054,Restaurant Meals Program,3919687.25523112,-13060929.9512252
Oceanside Food Mart,1990 Oceanside Blvd,Oceanside,92054,Convenience Store,3921271.91841174,-13063776.3906047
Arman Market And Restaurant LLC NA,351 W Main St,El Cajon,92020,Grocery Store,3868069.79323618,-13020548.8059399
7-Eleven 13619J,1702 S Escondido Blvd,Escondido,92025,Convenience Store,3909204.61333452,-13032458.8782599
Jack in the Box #3087,2754 Alpine Blvd,Alpine,91901,Restaurant Meals Program,3873469.23682477,-12997039.2426793
Al Hindi Market,6159 University Ave,San Diego,92115,Other,3862602.14147482,-13031391.3243432
7 Eleven 43109A,5555 Mission Rd,Bonsall,92003,Convenience Store,3933782.00656261,-13049570.9103846
Hi Bev Liquor,2111 Highland Ave,National City,91950,Convenience Store,3851160.9527776,-13034852.2473119
Liquor Land,8959 Mira Mesa Blvd,San Diego,92126,Convenience Store,3883852.68706089,-13038966.6156916
7eleven,1631 6th Ave,San Diego,92101,Convenience Store,3858486.1957368,-13042072.4294848
Dollartree 10374,1580 W Valley Pkwy,Escondido,92029,Other,3909785.09627952,-13036233.7221927
Jack in The Box #3034,14371 Penasquitos Dr,San Diego,92129,Restaurant Meals Program,3892387.77820048,-13034319.026951
